quote_date,split,settlement_class,experiment,model_id,observations,price_rmse,price_mae,spread_normalized_rmse,inside_bid_ask_rate,quote_subset,maturity_band,calibration_success,calibration_objective_value,quote_timing
2022-07-01,DEV,PM,settlement_robustness,M10_HESTON,30,5.356912664301922,3.0705948245576646,10.154769064873854,0.3333333333333333,NARROW_SPREAD,CORE,True,9.00238517077125,UNSYNCHRONISED_HISTORICAL_EOD
2022-07-01,DEV,PM,settlement_robustness,M00_BS_FLAT,30,24.097681987883902,15.773447170851306,19.43685808453958,0.0,NARROW_SPREAD,CORE,True,9.00238517077125,UNSYNCHRONISED_HISTORICAL_EOD
2022-07-01,DEV,PM,settlement_robustness,M03_SSVI,30,6.263366113763427,4.558612561880305,15.303254254402837,0.06666666666666667,NARROW_SPREAD,CORE,True,9.00238517077125,UNSYNCHRONISED_HISTORICAL_EOD
2022-07-01,DEV,AM,settlement_robustness,M10_HESTON,30,3.90424589009605,2.822750656880212,3.7876378990681903,0.23333333333333334,NARROW_SPREAD,CORE,True,3.3817270610161017,UNSYNCHRONISED_HISTORICAL_EOD
2022-07-01,DEV,AM,settlement_robustness,M00_BS_FLAT,30,33.326830619731886,25.245797990921915,26.79006529526508,0.0,NARROW_SPREAD,CORE,True,3.3817270610161017,UNSYNCHRONISED_HISTORICAL_EOD
2022-07-01,DEV,AM,settlement_robustness,M03_SSVI,30,3.855503686534296,2.8820149784535243,11.045299426901085,0.16666666666666666,NARROW_SPREAD,CORE,True,3.3817270610161017,UNSYNCHRONISED_HISTORICAL_EOD
2022-10-18,DEV,PM,settlement_robustness,M10_HESTON,30,1.909629184451315,1.5627001768348177,3.5751529232952453,0.26666666666666666,NARROW_SPREAD,CORE,True,3.189248043844937,UNSYNCHRONISED_HISTORICAL_EOD
2022-10-18,DEV,PM,settlement_robustness,M00_BS_FLAT,30,26.25345638956462,14.932537893552405,12.578236086258922,0.0,NARROW_SPREAD,CORE,True,3.189248043844937,UNSYNCHRONISED_HISTORICAL_EOD
2022-10-18,DEV,PM,settlement_robustness,M03_SSVI,30,2.9658245537637105,2.399822501922288,5.827748053894479,0.2,NARROW_SPREAD,CORE,True,3.189248043844937,UNSYNCHRONISED_HISTORICAL_EOD
2022-10-18,DEV,AM,settlement_robustness,M10_HESTON,30,1.6843471350023602,1.3301549722125008,3.9184223276776953,0.3333333333333333,NARROW_SPREAD,CORE,True,2.7831619771695983,UNSYNCHRONISED_HISTORICAL_EOD
2022-10-18,DEV,AM,settlement_robustness,M00_BS_FLAT,30,29.85519407064483,23.65071160388017,27.517849595652535,0.0,NARROW_SPREAD,CORE,True,2.7831619771695983,UNSYNCHRONISED_HISTORICAL_EOD
2022-10-18,DEV,AM,settlement_robustness,M03_SSVI,30,3.4004491965211474,2.282165045118195,8.855835230051426,0.3,NARROW_SPREAD,CORE,True,2.7831619771695983,UNSYNCHRONISED_HISTORICAL_EOD
2022-10-19,VALIDATION,PM,settlement_robustness,M10_HESTON,30,4.171545379278188,2.8356929148899934,6.9055912732139335,0.26666666666666666,NARROW_SPREAD,CORE,False,5.830396406276687,UNSYNCHRONISED_HISTORICAL_EOD
2022-10-19,VALIDATION,PM,settlement_robustness,M00_BS_FLAT,30,23.995098001134505,14.055468740098883,11.097472053441914,0.03333333333333333,NARROW_SPREAD,CORE,False,5.830396406276687,UNSYNCHRONISED_HISTORICAL_EOD
2022-10-19,VALIDATION,PM,settlement_robustness,M03_SSVI,30,3.182855871846336,2.53036016733295,12.713720021345424,0.2,NARROW_SPREAD,CORE,False,5.830396406276687,UNSYNCHRONISED_HISTORICAL_EOD
2022-10-19,VALIDATION,AM,settlement_robustness,M10_HESTON,30,1.9408102073819478,1.5425053107975646,3.016057240688291,0.4,NARROW_SPREAD,CORE,True,1.954582959718235,UNSYNCHRONISED_HISTORICAL_EOD
2022-10-19,VALIDATION,AM,settlement_robustness,M00_BS_FLAT,30,34.113132244892654,26.521511465548315,18.857196302785,0.1,NARROW_SPREAD,CORE,True,1.954582959718235,UNSYNCHRONISED_HISTORICAL_EOD
2022-10-19,VALIDATION,AM,settlement_robustness,M03_SSVI,30,4.659392060717638,3.438115353347343,5.303935219237246,0.3,NARROW_SPREAD,CORE,True,1.954582959718235,UNSYNCHRONISED_HISTORICAL_EOD
2022-11-22,VALIDATION,PM,settlement_robustness,M10_HESTON,30,8.066850147944267,5.455197333544374,12.405313561863101,0.06666666666666667,NARROW_SPREAD,CORE,True,12.459355235247097,UNSYNCHRONISED_HISTORICAL_EOD
2022-11-22,VALIDATION,PM,settlement_robustness,M00_BS_FLAT,30,30.57494516746336,19.508185341028092,28.17076242323428,0.0,NARROW_SPREAD,CORE,True,12.459355235247097,UNSYNCHRONISED_HISTORICAL_EOD
2022-11-22,VALIDATION,PM,settlement_robustness,M03_SSVI,30,2.453959152956467,1.610174864998718,4.285382187183769,0.2,NARROW_SPREAD,CORE,True,12.459355235247097,UNSYNCHRONISED_HISTORICAL_EOD
2022-11-22,VALIDATION,AM,settlement_robustness,M10_HESTON,30,3.3114986637037997,2.322285326579389,5.247670199844019,0.16666666666666666,NARROW_SPREAD,CORE,True,5.087259711591708,UNSYNCHRONISED_HISTORICAL_EOD
2022-11-22,VALIDATION,AM,settlement_robustness,M00_BS_FLAT,30,31.69417396054401,25.107329250498747,46.4159045849032,0.0,NARROW_SPREAD,CORE,True,5.087259711591708,UNSYNCHRONISED_HISTORICAL_EOD
2022-11-22,VALIDATION,AM,settlement_robustness,M03_SSVI,30,7.991557392378059,6.640306962974058,16.261985550352563,0.0,NARROW_SPREAD,CORE,True,5.087259711591708,UNSYNCHRONISED_HISTORICAL_EOD
2022-11-23,LOCKED_TEST,PM,settlement_robustness,M10_HESTON,30,6.694699530097292,4.397988896917737,10.380853476564877,0.06666666666666667,NARROW_SPREAD,CORE,False,10.657049394945666,UNSYNCHRONISED_HISTORICAL_EOD
2022-11-23,LOCKED_TEST,PM,settlement_robustness,M00_BS_FLAT,30,29.99054855567875,19.29327552152896,34.39632509183457,0.0,NARROW_SPREAD,CORE,False,10.657049394945666,UNSYNCHRONISED_HISTORICAL_EOD
2022-11-23,LOCKED_TEST,PM,settlement_robustness,M03_SSVI,30,3.6116316525180676,2.4182086920441184,5.822277195702121,0.1,NARROW_SPREAD,CORE,False,10.657049394945666,UNSYNCHRONISED_HISTORICAL_EOD
2022-11-23,LOCKED_TEST,AM,settlement_robustness,M10_HESTON,30,6.013810269071986,3.358674514373232,4.890220225187862,0.1,NARROW_SPREAD,CORE,True,4.624524422777747,UNSYNCHRONISED_HISTORICAL_EOD
2022-11-23,LOCKED_TEST,AM,settlement_robustness,M00_BS_FLAT,30,31.244246060939464,25.19920088977973,46.71975692621292,0.0,NARROW_SPREAD,CORE,True,4.624524422777747,UNSYNCHRONISED_HISTORICAL_EOD
2022-11-23,LOCKED_TEST,AM,settlement_robustness,M03_SSVI,30,4.755746823711293,3.691843957566457,11.753904393202799,0.06666666666666667,NARROW_SPREAD,CORE,True,4.624524422777747,UNSYNCHRONISED_HISTORICAL_EOD
2022-12-30,LOCKED_TEST,PM,settlement_robustness,M10_HESTON,30,1.4391051738659097,0.8553972768043984,4.767853753308352,0.4,NARROW_SPREAD,CORE,True,3.5337337571803955,UNSYNCHRONISED_HISTORICAL_EOD
2022-12-30,LOCKED_TEST,PM,settlement_robustness,M00_BS_FLAT,30,24.37533394152855,14.931081698461922,19.66848420908389,0.0,NARROW_SPREAD,CORE,True,3.5337337571803955,UNSYNCHRONISED_HISTORICAL_EOD
2022-12-30,LOCKED_TEST,PM,settlement_robustness,M03_SSVI,30,2.78875005135185,2.260902343376421,13.612241042046932,0.16666666666666666,NARROW_SPREAD,CORE,True,3.5337337571803955,UNSYNCHRONISED_HISTORICAL_EOD
2022-12-30,LOCKED_TEST,AM,settlement_robustness,M10_HESTON,30,5.633919362442638,3.548950196304242,5.564674265690667,0.13333333333333333,NARROW_SPREAD,CORE,True,5.336505976536885,UNSYNCHRONISED_HISTORICAL_EOD
2022-12-30,LOCKED_TEST,AM,settlement_robustness,M00_BS_FLAT,30,29.24175484628411,22.995797828917215,34.50303548003167,0.0,NARROW_SPREAD,CORE,True,5.336505976536885,UNSYNCHRONISED_HISTORICAL_EOD
2022-12-30,LOCKED_TEST,AM,settlement_robustness,M03_SSVI,30,3.886947269158181,2.6260326438261243,7.838040812881231,0.1,NARROW_SPREAD,CORE,True,5.336505976536885,UNSYNCHRONISED_HISTORICAL_EOD
