ablation_family,variant,dev_common_C04,native_objective_value,success
objective,C00,9.21970612918153,2.3574213023248825,True
objective,C00,3.807709989665545,1.0640943306697275,True
objective,C00,3.1227202817485282,1.5367580480391414,True
objective,C01,263.0690411217228,0.24345615904725454,True
objective,C01,434.4979940772556,0.26795519594391254,True
objective,C01,129.20970760600326,0.20982479413673108,True
objective,C02,263.0690411217228,0.23812055272061022,True
objective,C02,434.4979940772556,0.26710332907421785,True
objective,C02,129.20970760600326,0.2217066288403269,True
objective,C03,9.93168221066197,8.864148136001315,True
objective,C03,3.9095533521139605,4.559363361730544,True
objective,C03,3.213595200902212,3.500570724509539,True
objective,C04,9.135161991190841,9.135161991190841,True
objective,C04,3.6919311269800277,3.6919311269800277,True
objective,C04,3.099315003198919,3.099315003198919,True
optimizer,O00,3.6919311269800277,3.6919311269800277,True
optimizer,O01,3.691930961972046,3.691930961972046,True
optimizer,O02,5.079118199479325,5.079118199479325,False
optimizer,O03,4.156362464894283,4.156362464894283,False
optimizer,O04,3.6919309959260436,3.6919309959260436,True
