price,standard_error,confidence_low,confidence_high,paths,steps,scheme,backend,antithetic,control_variate,seed,oom_retries,study,reference_price,bias,absolute_bias,reference_in_95pct_ci,runtime_seconds
8.424291129541999,0.016120789711499054,8.392694962305116,8.455887296778881,150000,32,full_truncation,cuda,True,True,20260927,0.0,time_step_seed,8.252848982578506,0.1714421469634928,0.1714421469634928,False,4.158739699996659
8.386878334631234,0.0161072558730063,8.35530869323037,8.418447976032098,150000,32,full_truncation,cuda,True,True,20260928,0.0,time_step_seed,8.252848982578506,0.13402935205272826,0.13402935205272826,False,0.05112779999763006
8.39733708136552,0.016127449899321987,8.365727860400376,8.428946302330665,150000,32,full_truncation,cuda,True,True,20260929,0.0,time_step_seed,8.252848982578506,0.14448809878701496,0.14448809878701496,False,0.04382180000538938
8.400290397338209,0.016071237850430187,8.368791349964388,8.43178944471203,150000,32,full_truncation,cuda,True,True,20260930,0.0,time_step_seed,8.252848982578506,0.14744141475970274,0.14744141475970274,False,0.060920800002350006
8.403523662357353,0.015991627118708548,8.37218064915049,8.434866675564216,150000,32,full_truncation,cuda,True,True,20260931,0.0,time_step_seed,8.252848982578506,0.15067467977884696,0.15067467977884696,False,0.055963899998459965
8.353775035790335,0.01584356090241755,8.32272222703473,8.38482784454594,150000,64,full_truncation,cuda,True,True,20260927,0.0,time_step_seed,8.252848982578506,0.10092605321182901,0.10092605321182901,False,0.08660290000261739
8.329910543935409,0.01577074389641685,8.299000453889027,8.36082063398179,150000,64,full_truncation,cuda,True,True,20260928,0.0,time_step_seed,8.252848982578506,0.07706156135690279,0.07706156135690279,False,0.068312600000354
8.3306604983069,0.015776577830323685,8.299738973960173,8.361582022653627,150000,64,full_truncation,cuda,True,True,20260929,0.0,time_step_seed,8.252848982578506,0.07781151572839384,0.07781151572839384,False,0.09849140000005718
8.366740539477824,0.015813811785352808,8.335746037920238,8.39773504103541,150000,64,full_truncation,cuda,True,True,20260930,0.0,time_step_seed,8.252848982578506,0.1138915568993184,0.1138915568993184,False,0.08188760000484763
8.320594307311145,0.015723630366138466,8.289776558087294,8.351412056534997,150000,64,full_truncation,cuda,True,True,20260931,0.0,time_step_seed,8.252848982578506,0.06774532473263939,0.06774532473263939,False,0.1268774999989546
8.33479741883224,0.015586769718318662,8.304247911549016,8.365346926115464,150000,128,full_truncation,cuda,True,True,20260927,0.0,time_step_seed,8.252848982578506,0.08194843625373416,0.08194843625373416,False,0.25262430000293534
8.308624461314059,0.015572464526362878,8.27810299169186,8.339145930936258,150000,128,full_truncation,cuda,True,True,20260928,0.0,time_step_seed,8.252848982578506,0.05577547873555311,0.05577547873555311,False,0.3093268000011449
8.326080993300927,0.015573562636860338,8.295557371421703,8.356604615180151,150000,128,full_truncation,cuda,True,True,20260929,0.0,time_step_seed,8.252848982578506,0.07323201072242114,0.07323201072242114,False,0.27472580000176094
8.280445324750186,0.015514134434494242,8.250038180007264,8.310852469493108,150000,128,full_truncation,cuda,True,True,20260930,0.0,time_step_seed,8.252848982578506,0.027596342171680277,0.027596342171680277,True,0.2043024999948102
8.314032795668238,0.015666921406941477,8.283326193962013,8.344739397374463,150000,128,full_truncation,cuda,True,True,20260931,0.0,time_step_seed,8.252848982578506,0.0611838130897322,0.0611838130897322,False,0.20898290000332054
8.298798040703057,0.015511651559791685,8.268395762305131,8.329200319100982,150000,256,full_truncation,cuda,True,True,20260927,0.0,time_step_seed,8.252848982578506,0.045949058124550746,0.045949058124550746,False,0.46776430000318214
8.305584560694234,0.015468562019286303,8.27526673624381,8.335902385144658,150000,256,full_truncation,cuda,True,True,20260928,0.0,time_step_seed,8.252848982578506,0.05273557811572793,0.05273557811572793,False,0.48195989999658195
8.304364788751315,0.015433053499138975,8.274116559721522,8.334613017781107,150000,256,full_truncation,cuda,True,True,20260929,0.0,time_step_seed,8.252848982578506,0.05151580617280871,0.05151580617280871,False,0.24421949999668868
8.274698999580611,0.015480605840076168,8.244357569675202,8.30504042948602,150000,256,full_truncation,cuda,True,True,20260930,0.0,time_step_seed,8.252848982578506,0.021850017002105204,0.021850017002105204,True,0.21684219999588095
8.316235251719805,0.01544273764399896,8.285968042114867,8.346502461324743,150000,256,full_truncation,cuda,True,True,20260931,0.0,time_step_seed,8.252848982578506,0.06338626914129897,0.06338626914129897,False,0.1943204000053811
8.263835219891337,0.015296453579006193,8.233854721785297,8.293815717997377,150000,32,qe,cuda,True,True,20260927,0.0,time_step_seed,8.252848982578506,0.010986237312831548,0.010986237312831548,True,0.12893700000131503
8.24018649334721,0.015296936432435071,8.210205048865838,8.270167937828582,150000,32,qe,cuda,True,True,20260928,0.0,time_step_seed,8.252848982578506,-0.012662489231296092,0.012662489231296092,True,0.05584629999793833
8.245031465535629,0.015312613913003432,8.215019293756976,8.275043637314281,150000,32,qe,cuda,True,True,20260929,0.0,time_step_seed,8.252848982578506,-0.007817517042877142,0.007817517042877142,True,0.05940139999438543
8.245711659827867,0.015260096664522993,8.215802419964803,8.275620899690932,150000,32,qe,cuda,True,True,20260930,0.0,time_step_seed,8.252848982578506,-0.00713732275063883,0.00713732275063883,True,0.055169800005387515
8.252515044690588,0.015166368774252098,8.2227895081168,8.282240581264375,150000,32,qe,cuda,True,True,20260931,0.0,time_step_seed,8.252848982578506,-0.00033393788791791224,0.00033393788791791224,True,0.05515479999303352
8.262396327332496,0.015348678434248872,8.232313470391082,8.29247918427391,150000,64,qe,cuda,True,True,20260927,0.0,time_step_seed,8.252848982578506,0.009547344753990217,0.009547344753990217,True,0.10885750000306871
8.24307132724715,0.015239291454117116,8.213202864847172,8.272939789647129,150000,64,qe,cuda,True,True,20260928,0.0,time_step_seed,8.252848982578506,-0.009777655331355106,0.009777655331355106,True,0.10905400000046939
8.242067213822281,0.015237848157101138,8.212201580232472,8.27193284741209,150000,64,qe,cuda,True,True,20260929,0.0,time_step_seed,8.252848982578506,-0.010781768756224608,0.010781768756224608,True,0.12182680000114487
8.279331413387911,0.015294202480216382,8.249355327354424,8.309307499421399,150000,64,qe,cuda,True,True,20260930,0.0,time_step_seed,8.252848982578506,0.0264824308094056,0.0264824308094056,True,0.1268052000013995
8.23386678993998,0.015212125730341362,8.204051571380216,8.263682008499742,150000,64,qe,cuda,True,True,20260931,0.0,time_step_seed,8.252848982578506,-0.01898219263852674,0.01898219263852674,True,0.10624649999954272
8.279787982082482,0.015270389814851907,8.249858568015485,8.309717396149479,150000,128,qe,cuda,True,True,20260927,0.0,time_step_seed,8.252848982578506,0.026938999503975936,0.026938999503975936,True,0.21179169999959413
8.254978887792602,0.015239104873897198,8.225110791083134,8.28484698450207,150000,128,qe,cuda,True,True,20260928,0.0,time_step_seed,8.252848982578506,0.0021299052140957286,0.0021299052140957286,True,0.21965259999706177
8.268354884205623,0.015240365599246953,8.238484316519875,8.298225451891371,150000,128,qe,cuda,True,True,20260929,0.0,time_step_seed,8.252848982578506,0.015505901627117069,0.015505901627117069,True,0.23668930000712862
8.231918362864725,0.01518743953371317,8.202151528361268,8.261685197368182,150000,128,qe,cuda,True,True,20260930,0.0,time_step_seed,8.252848982578506,-0.02093061971378063,0.02093061971378063,True,0.21873419999610633
8.259628613538926,0.015329744736745267,8.229582865962712,8.28967436111514,150000,128,qe,cuda,True,True,20260931,0.0,time_step_seed,8.252848982578506,0.00677963096041978,0.00677963096041978,True,0.19640930000605294
8.265391349266803,0.015300754953763868,8.235402420621153,8.295380277912454,150000,256,qe,cuda,True,True,20260927,0.0,time_step_seed,8.252848982578506,0.012542366688297335,0.012542366688297335,True,0.4136722999974154
8.268425706314734,0.015253966141836564,8.23852848205534,8.298322930574127,150000,256,qe,cuda,True,True,20260928,0.0,time_step_seed,8.252848982578506,0.015576723736227649,0.015576723736227649,True,0.4271528999961447
8.270260678233383,0.01521183992313567,8.240446019845448,8.300075336621317,150000,256,qe,cuda,True,True,20260929,0.0,time_step_seed,8.252848982578506,0.01741169565487688,0.01741169565487688,True,0.3991678999955184
8.241183916386651,0.015263337724271311,8.211268324163209,8.271099508610094,150000,256,qe,cuda,True,True,20260930,0.0,time_step_seed,8.252848982578506,-0.011665066191854478,0.011665066191854478,True,0.42713230000663316
8.279853809030831,0.015242493553143565,8.249979070632085,8.309728547429577,150000,256,qe,cuda,True,True,20260931,0.0,time_step_seed,8.252848982578506,0.027004826452325048,0.027004826452325048,True,0.41745349999837345
8.26307937386238,0.015295609396852379,8.233100530322957,8.293058217401803,150000,32,qe_m,cuda,True,True,20260927,0.0,time_step_seed,8.252848982578506,0.010230391283874596,0.010230391283874596,True,0.14619590000074822
8.239430286739164,0.015296064402901152,8.209450551404274,8.269410022074055,150000,32,qe_m,cuda,True,True,20260928,0.0,time_step_seed,8.252848982578506,-0.01341869583934141,0.01341869583934141,True,0.08804819999932079
8.24427779583707,0.015311748622965544,8.214267319995725,8.274288271678413,150000,32,qe_m,cuda,True,True,20260929,0.0,time_step_seed,8.252848982578506,-0.00857118674143642,0.00857118674143642,True,0.09088190000329632
8.244961067360968,0.015259241859451392,8.215053502885057,8.27486863183688,150000,32,qe_m,cuda,True,True,20260930,0.0,time_step_seed,8.252848982578506,-0.007887915217537511,0.007887915217537511,True,0.08735449999949196
8.251758801196754,0.01516551045350473,8.222034946900719,8.28148265549279,150000,32,qe_m,cuda,True,True,20260931,0.0,time_step_seed,8.252848982578506,-0.0010901813817518757,0.0010901813817518757,True,0.08532890000060434
8.262201948309764,0.015348450046335957,8.232119539000433,8.292284357619096,150000,64,qe_m,cuda,True,True,20260927,0.0,time_step_seed,8.252848982578506,0.009352965731258323,0.009352965731258323,True,0.17658599999413127
8.242875565074899,0.015239058100102787,8.213007560040383,8.272743570109414,150000,64,qe_m,cuda,True,True,20260928,0.0,time_step_seed,8.252848982578506,-0.009973417503607251,0.009973417503607251,True,0.1837498999957461
8.241874117804858,0.01523762429072988,8.212008922985076,8.271739312624641,150000,64,qe_m,cuda,True,True,20260929,0.0,time_step_seed,8.252848982578506,-0.010974864773647397,0.010974864773647397,True,0.1858940000020084
8.279136843171445,0.015293978318586657,8.249161196486678,8.309112489856211,150000,64,qe_m,cuda,True,True,20260930,0.0,time_step_seed,8.252848982578506,0.026287860592939083,0.026287860592939083,True,0.19659929999761516
8.233672773223475,0.015211900447913922,8.203857996209155,8.263487550237794,150000,64,qe_m,cuda,True,True,20260931,0.0,time_step_seed,8.252848982578506,-0.01917620935503095,0.01917620935503095,True,0.169497599999886
8.279738616449125,0.015270332005332659,8.249809315686703,8.309667917211547,150000,128,qe_m,cuda,True,True,20260927,0.0,time_step_seed,8.252848982578506,0.026889633870618823,0.026889633870618823,True,0.3185187000053702
8.254929520086414,0.015239045669065887,8.225061539416284,8.284797500756543,150000,128,qe_m,cuda,True,True,20260928,0.0,time_step_seed,8.252848982578506,0.0020805375079078203,0.0020805375079078203,True,0.31604589999915333
8.268305548475187,0.01524030835637871,8.2384350929834,8.298176003966974,150000,128,qe_m,cuda,True,True,20260929,0.0,time_step_seed,8.252848982578506,0.015456565896680985,0.015456565896680985,True,0.3157548000017414
8.23186913665156,0.0151873804326199,8.202102417984117,8.261635855319005,150000,128,qe_m,cuda,True,True,20260930,0.0,time_step_seed,8.252848982578506,-0.020979845926945018,0.020979845926945018,True,0.31118469999637455
8.259579800461946,0.015329686890324393,8.229534166262635,8.289625434661257,150000,128,qe_m,cuda,True,True,20260931,0.0,time_step_seed,8.252848982578506,0.00673081788344021,0.00673081788344021,True,0.32763770000019576
8.265378936967657,0.015300739891591754,8.235390037843322,8.295367836091993,150000,256,qe_m,cuda,True,True,20260927,0.0,time_step_seed,8.252848982578506,0.012529954389151499,0.012529954389151499,True,0.6510095999983605
8.268413267209892,0.015253951153188484,8.238516072327709,8.298310462092076,150000,256,qe_m,cuda,True,True,20260928,0.0,time_step_seed,8.252848982578506,0.015564284631386371,0.015564284631386371,True,0.6382019999946351
8.270248186533752,0.01521182503110392,8.240433557333663,8.300062815733842,150000,256,qe_m,cuda,True,True,20260929,0.0,time_step_seed,8.252848982578506,0.017399203955246634,0.017399203955246634,True,0.6310613000023295
8.241171476177056,0.015263322815572865,8.211255913174124,8.271087039179989,150000,256,qe_m,cuda,True,True,20260930,0.0,time_step_seed,8.252848982578506,-0.011677506401449378,0.011677506401449378,True,0.6114243999982136
8.279841417453135,0.015242478555773945,8.249966708448694,8.309716126457575,150000,256,qe_m,cuda,True,True,20260931,0.0,time_step_seed,8.252848982578506,0.026992434874628657,0.026992434874628657,True,0.6018080999929225
8.22111851522003,0.026370925828294874,8.169432450357595,8.272804580082466,50000,256,qe_m,cuda,True,True,20261007,0.0,path_count,8.252848982578506,-0.03173046735847507,0.03173046735847507,True,0.7335613999966881
8.22102569074716,0.018617591381805344,8.184535882159938,8.257515499334382,100000,256,qe_m,cuda,True,True,20261007,0.0,path_count,8.252848982578506,-0.03182329183134591,0.03182329183134591,True,0.8973149000012199
8.253836878768478,0.01182460788903418,8.230661073174662,8.277012684362294,250000,256,qe_m,cuda,True,True,20261007,0.0,path_count,8.252848982578506,0.0009878961899723038,0.0009878961899723038,True,0.733650200003467
1.9347692514203203,0.0307885742454232,,,150000,32,qe,cuda,,,20261017,,martingale_parity,1.960430020065985,-0.02566076864566469,0.02566076864566469,,
1.9347206069088667,0.030786213069937462,,,150000,32,qe_m,cuda,,,20261017,,martingale_parity,1.960430020065985,-0.025709413157118277,0.025709413157118277,,
