price,standard_error,confidence_low,confidence_high,paths,steps,scheme,backend,antithetic,control_variate,seed,oom_retries,experiment_id,method,runtime_seconds,variance_reduction_ratio
7.654631984925501,0.022590641779813053,7.610355140649422,7.698908829201581,150000,128,qe_m,cuda,False,False,20261101,0,N06,none,5.836497199998121,1.0
7.643212597370545,0.01832253245879017,7.60730109364575,7.67912410109534,150000,128,qe_m,cuda,True,False,20261101,0,N06,antithetic,0.3231521999987308,1.5201489314611834
7.668896524412264,0.013514999558296464,7.642407612026928,7.6953854367976,150000,128,qe_m,cuda,True,True,20261101,0,N06,antithetic_control,0.3345149000015226,2.793991408578577
7.700083332453424,0.022703324998261016,7.655585633127525,7.744581031779323,150000,128,qe_m,cuda,False,False,20261102,0,N06,none,0.21776220000174362,1.0
7.653420732905247,0.01841298947069561,7.617331936694969,7.689509529115526,150000,128,qe_m,cuda,True,False,20261102,0,N06,antithetic,0.2062826999972458,1.5203035955401976
7.6713710855608275,0.013574316031670532,7.644765915023989,7.697976256097666,150000,128,qe_m,cuda,True,True,20261102,0,N06,antithetic_control,0.2734634000007645,2.7973256020678825
7.635977216782903,0.02252452585134196,7.591829957345432,7.680124476220374,150000,128,qe_m,cuda,False,False,20261103,0,N06,none,0.3047837000049185,1.0
7.643004161220016,0.018383145969082488,7.606973857198072,7.679034465241961,150000,128,qe_m,cuda,True,False,20261103,0,N06,antithetic,0.33014460000413237,1.5013143788058345
7.648312418188691,0.013606744396642886,7.621643689224428,7.674981147152953,150000,128,qe_m,cuda,True,True,20261103,0,N06,antithetic_control,0.259009800000058,2.7403299808148187
7.691030421521167,0.022717915004477934,7.646504126308548,7.735556716733786,150000,128,qe_m,cuda,False,False,20261104,0,N06,none,0.17947609999828273,1.0
7.676347393310026,0.018352920056239785,7.640376330988653,7.712318455631399,150000,128,qe_m,cuda,True,False,20261104,0,N06,antithetic,0.30169780000142055,1.5322392920926144
7.660810784358295,0.013497030771454468,7.634357090148016,7.687264478568575,150000,128,qe_m,cuda,True,True,20261104,0,N06,antithetic_control,0.24376569999731146,2.83309061014031
7.679397110588088,0.02273217251693478,7.634842871164545,7.723951350011631,150000,128,qe_m,cuda,False,False,20261105,0,N06,none,0.23176349999994272,1.0
7.6525073889920705,0.01843803819548047,7.616369498183355,7.688645279800786,150000,128,qe_m,cuda,True,False,20261105,0,N06,antithetic,0.3461438000013004,1.5200310727844788
7.667327803613351,0.013611780373708377,7.640649204315413,7.694006402911289,150000,128,qe_m,cuda,True,True,20261105,0,N06,antithetic_control,0.32189690000086557,2.789022515671009
