case_id,partition,regime,fault_id,material_error,normalized_true_error,fit_error,E_data,E_num,E_cal,E_ident,E_param,E_form,E_greek,E_extra,E_outcome,score_V00,score_V01,score_V02,score_V03,score_V04,score_V05,score_V06,severity,truth_family,implementation_label,proxy_fault,truth_seed,observation_seed,calibration_seed,calibration_inputs,calibration_qualified,ssvi_qualification,ssvi_status,ssvi_static_arbitrage_valid,ssvi_fallback_to_flat_bs,backend,precision,generated_utc,design_freeze_hash,V06_prediction,monitoring_status,simulated_action
V6-LOCKED_TEST-F00-109000001,LOCKED_TEST,LONG|MID|LIQUID,F00,False,0.035138103744997415,0.1428970857378194,0.4046801556262222,0.013934229119812517,0.12311331667863182,0.0,0.0,0.7007402781841232,0.08283440149933334,0.0,0.0,0.1428970857378194,0.0,0.4146702609480157,0.1380351935471875,0.006974652465125567,0.10336282690199512,0.10336282690199512,0.0,HESTON,canonical Heston truth; no injected fault,False,109000001,159000001,169000001,observable_quotes_only,True,"{""diagnostic_messages"": [], ""fallback_to_flat_bs"": false, ""objective_value"": 1.2342838709867236e-06, ""observed_iv_count"": 15, ""optimizer_success"": true, ""parameters"": {""atm_variance_rate"": 0.04252895819775898, ""eta"": 0.7687322277213022, ""gamma"": 0.5292944444594871, ""rho"": -0.29696672190051326}, ""static_arbitrage_valid"": true, ""status"": ""PASS""}",PASS,True,False,torch-cuda-fp64-heston,float64,2026-09-27T13:20:08.636703+00:00,d8fba3fcc6a21a4d4162ea87d1e5668e6bf6ce0e45a17f44645ddae515da1f39,False,GREEN,No Action
V6-LOCKED_TEST-F01-109000002,LOCKED_TEST,SHORT|MID|LIQUID,F01,False,0.0753929640477967,0.10523817166100197,0.29575988317467033,0.00768533438785747,0.09210940577708482,0.0,0.0,0.5065249366152259,0.04119299261743947,0.0,0.0,0.10523817166100197,0.0,0.29974133667213504,0.10327347192785927,0.0038468246770371473,0.07027999774884514,0.07027999774884514,2.0,BATES,real Heston-on-canonical-Bates truth,False,109000002,159000002,169000002,observable_quotes_only,True,"{""diagnostic_messages"": [], ""fallback_to_flat_bs"": false, ""objective_value"": 2.381633477517065e-05, ""observed_iv_count"": 19, ""optimizer_success"": true, ""parameters"": {""atm_variance_rate"": 0.06492676696962822, ""eta"": 0.4328487356337249, ""gamma"": 0.5405250766988687, ""rho"": -0.32249307323341997}, ""static_arbitrage_valid"": true, ""status"": ""PASS""}",PASS,True,False,torch-cuda-fp64-bates,float64,2026-09-27T13:20:35.456138+00:00,d8fba3fcc6a21a4d4162ea87d1e5668e6bf6ce0e45a17f44645ddae515da1f39,False,GREEN,No Action
V6-LOCKED_TEST-F02-109000003,LOCKED_TEST,SHORT|MID|LIQUID,F02,False,0.07795653003812535,0.10428982658295748,0.4401637791459878,0.0029121968326047583,0.07898268282414452,0.0,0.0,0.4701530056953202,0.07453649469651333,0.0,0.0,0.10428982658295748,0.0,0.27821787276504456,0.08855573226871877,0.0014576738076294052,0.08166309915944898,0.08166309915944898,2.0,LOCALVOL_SSVI,real Heston-on-SSVI-marginal Dupire LocalVol truth,False,109000003,159000003,169000003,observable_quotes_only,True,"{""diagnostic_messages"": [], ""fallback_to_flat_bs"": false, ""objective_value"": 1.004718699883543e-05, ""observed_iv_count"": 13, ""optimizer_success"": true, ""parameters"": {""atm_variance_rate"": 0.02613332967536032, ""eta"": 0.18627404067566483, ""gamma"": 0.7244106059353608, ""rho"": -0.43006887920367404}, ""static_arbitrage_valid"": true, ""status"": ""PASS""}",PASS,True,False,torch-cuda-fp64-localvol_ssvi,float64,2026-09-27T13:20:59.827888+00:00,d8fba3fcc6a21a4d4162ea87d1e5668e6bf6ce0e45a17f44645ddae515da1f39,False,GREEN,No Action
V6-LOCKED_TEST-F03-109000004,LOCKED_TEST,SHORT|MID|LIQUID,F03,False,0.5165051061927819,0.37910182876310194,0.4380837084926501,0.010904948875236058,0.09591380011020462,0.0,0.0,0.7186760732724041,0.0720286196263707,0.0,0.0,0.37910182876310194,0.0,0.4252839520131857,0.10753897563021514,0.005458373613692726,0.09980559509192194,0.09980559509192194,2.0,PIECEWISE_REGIME,real Heston-on-piecewise two-regime risk-neutral mixture truth,False,109000004,159000004,169000004,observable_quotes_only,True,"{""diagnostic_messages"": [], ""fallback_to_flat_bs"": false, ""objective_value"": 0.00030476173479371645, ""observed_iv_count"": 15, ""optimizer_success"": true, ""parameters"": {""atm_variance_rate"": 0.14732094798999135, ""eta"": 3.0, ""gamma"": 0.216082907913109, ""rho"": 0.02994324874186524}, ""static_arbitrage_valid"": true, ""status"": ""PASS""}",PASS,True,False,torch-cuda-fp64-piecewise_regime,float64,2026-09-27T13:21:28.278317+00:00,d8fba3fcc6a21a4d4162ea87d1e5668e6bf6ce0e45a17f44645ddae515da1f39,False,GREEN,No Action
V6-LOCKED_TEST-F04-109000005,LOCKED_TEST,SHORT|MID|LIQUID,F04,False,0.6468921000442249,0.6669541598220532,0.25445131102458046,1.1461336802890385,0.07424570671417224,0.0,0.0,0.6812948097527446,0.03812485285275817,0.0,0.0,0.6669541598220532,0.0,0.40316320516753223,0.08324461376579312,0.5736868562915476,0.1400563197167928,0.1400563197167928,2.0,HESTON,controlled proxy: isolated poor-integration-resolution operator,True,109000005,159000005,169000005,observable_quotes_only,True,"{""diagnostic_messages"": [], ""fallback_to_flat_bs"": false, ""objective_value"": 3.776237117319672e-05, ""observed_iv_count"": 20, ""optimizer_success"": true, ""parameters"": {""atm_variance_rate"": 0.0822971340640522, ""eta"": 0.19616374520620428, ""gamma"": 0.696524621736802, ""rho"": -0.3549658800205886}, ""static_arbitrage_valid"": true, ""status"": ""PASS""}",PASS,True,False,torch-cuda-fp64-heston,float64,2026-09-27T13:21:56.356721+00:00,d8fba3fcc6a21a4d4162ea87d1e5668e6bf6ce0e45a17f44645ddae515da1f39,False,GREEN,No Action
V6-LOCKED_TEST-F05-109000006,LOCKED_TEST,SHORT|MID|LIQUID,F05,False,0.012592331993109713,0.03696737370597415,0.28612813928597786,1.2052002047099166,0.0954954508445383,0.0,0.0,0.5414727847722278,0.08354065247046692,0.0,0.0,0.03696737370597415,0.0,0.32042208496933483,0.10706992058877463,0.6032520713182415,0.15012103505128044,0.15012103505128044,2.0,HESTON,controlled proxy: isolated coarse-PDE-disagreement operator,True,109000006,159000006,169000006,observable_quotes_only,True,"{""diagnostic_messages"": [], ""fallback_to_flat_bs"": false, ""objective_value"": 6.106891160710718e-05, ""observed_iv_count"": 18, ""optimizer_success"": true, ""parameters"": {""atm_variance_rate"": 0.0647302665041386, ""eta"": 1.0177142906426486, ""gamma"": 0.0, ""rho"": -0.9499984790231373}, ""static_arbitrage_valid"": true, ""status"": ""PASS""}",PASS,True,False,torch-cuda-fp64-heston,float64,2026-09-27T13:22:28.200038+00:00,d8fba3fcc6a21a4d4162ea87d1e5668e6bf6ce0e45a17f44645ddae515da1f39,False,GREEN,No Action
V6-LOCKED_TEST-F06-109000007,LOCKED_TEST,SHORT|MID|LIQUID,F06,False,0.02832819420010303,0.13859055471879506,0.1679128535316813,2.004101817427945,0.06192745595213015,0.0,0.0,0.4288211725214963,0.07554758996058576,0.0,0.0,0.13859055471879506,0.0,0.2537593357275232,0.06943333669217017,1.0031350540527437,0.17514034113444035,0.17514034113444035,2.0,HESTON,controlled proxy: isolated insufficient-Monte-Carlo operator,True,109000007,159000007,169000007,observable_quotes_only,True,"{""diagnostic_messages"": [], ""fallback_to_flat_bs"": false, ""objective_value"": 8.896795467883446e-05, ""observed_iv_count"": 22, ""optimizer_success"": true, ""parameters"": {""atm_variance_rate"": 0.046503256349004055, ""eta"": 1.9353805331128133, ""gamma"": 0.22970065084048039, ""rho"": -0.3056045362002899}, ""static_arbitrage_valid"": true, ""status"": ""PASS""}",PASS,True,False,torch-cuda-fp64-heston,float64,2026-09-27T13:22:55.013424+00:00,d8fba3fcc6a21a4d4162ea87d1e5668e6bf6ce0e45a17f44645ddae515da1f39,False,GREEN,No Action
V6-LOCKED_TEST-F07-109000008,LOCKED_TEST,SHORT|MID|LIQUID,F07,True,1.8950670311919315,1.8116212644720542,0.2050610614637432,0.007900862668559796,1.734386150531277,0.0,0.0,2.447541100041539,0.21849917281303893,0.0,0.0,1.8116212644720542,0.0,1.4483575987172554,1.9446014000181577,0.003954705410257427,0.44410788753943903,0.44410788753943903,2.0,HESTON,controlled proxy: isolated calibration-local-minimum operator,True,109000008,159000008,169000008,observable_quotes_only,True,"{""diagnostic_messages"": [], ""fallback_to_flat_bs"": false, ""objective_value"": 0.00012984577539904948, ""observed_iv_count"": 21, ""optimizer_success"": true, ""parameters"": {""atm_variance_rate"": 0.03630250853924349, ""eta"": 0.6881293992857872, ""gamma"": 0.5876183408955843, ""rho"": -0.5982221534870743}, ""static_arbitrage_valid"": true, ""status"": ""PASS""}",PASS,True,False,torch-cuda-fp64-heston,float64,2026-09-27T13:23:32.694523+00:00,d8fba3fcc6a21a4d4162ea87d1e5668e6bf6ce0e45a17f44645ddae515da1f39,False,AMBER,Investigate
V6-LOCKED_TEST-F08-109000009,LOCKED_TEST,SHORT|MID|LIQUID,F08,False,0.07413044119755254,0.12662950141292734,0.2826362298231745,0.008567728838251767,0.8971736451045285,0.0,0.0,0.5024387327968665,0.07404900019972212,1.7142857142857144,0.0,0.12662950141292734,0.0,0.29732328356972626,1.0059150471163762,0.0042884992451627,0.28080587977269317,0.28080587977269317,2.0,HESTON,controlled proxy: isolated sparse-calibration-support operator,True,109000009,159000009,169000009,observable_quotes_only,True,"{""diagnostic_messages"": [], ""fallback_to_flat_bs"": false, ""objective_value"": 1.558956219514068e-05, ""observed_iv_count"": 19, ""optimizer_success"": true, ""parameters"": {""atm_variance_rate"": 0.045104853350215565, ""eta"": 0.452361296847529, ""gamma"": 0.5303135359613259, ""rho"": -0.4927538406431073}, ""static_arbitrage_valid"": true, ""status"": ""PASS""}",PASS,True,False,torch-cuda-fp64-heston,float64,2026-09-27T13:24:07.290203+00:00,d8fba3fcc6a21a4d4162ea87d1e5668e6bf6ce0e45a17f44645ddae515da1f39,False,GREEN,No Action
V6-LOCKED_TEST-F09-109000010,LOCKED_TEST,LONG|MID|LIQUID,F09,False,0.05201771937542928,0.09150167114275426,2.161901446233567,0.007375537843195946,0.10226416477064337,0.0,0.0,0.6908930813991204,0.07079510179897527,0.0,0.0,0.09150167114275426,0.0,0.408843081053312,0.11465903249040876,0.0036917588161752327,0.18208747057677632,0.18208747057677632,2.0,HESTON,controlled proxy: isolated corrupt-quote data-evidence operator,True,109000010,159000010,169000010,observable_quotes_only,True,"{""diagnostic_messages"": [], ""fallback_to_flat_bs"": false, ""objective_value"": 2.0208134277900522e-05, ""observed_iv_count"": 22, ""optimizer_success"": true, ""parameters"": {""atm_variance_rate"": 0.05552839715548557, ""eta"": 0.6651561595724909, ""gamma"": 0.616527346682448, ""rho"": -0.23313195478492788}, ""static_arbitrage_valid"": true, ""status"": ""PASS""}",PASS,True,False,torch-cuda-fp64-heston,float64,2026-09-27T13:24:24.851904+00:00,d8fba3fcc6a21a4d4162ea87d1e5668e6bf6ce0e45a17f44645ddae515da1f39,False,GREEN,No Action
V6-LOCKED_TEST-F10-109000011,LOCKED_TEST,SHORT|MID|LIQUID,F10,False,0.034945210916746176,0.09222050257371994,1.3782573680921317,0.004963231726710169,0.08443381707835824,0.0,0.0,0.4465911122841012,0.12304121089392406,1.642857142857143,0.0,0.09222050257371994,0.0,0.26427488019927076,0.09466756803215812,0.002484300789088379,0.23740659621755483,0.23740659621755483,2.0,HESTON,controlled proxy: isolated stale/asynchronous observation operator,True,109000011,159000011,169000011,observable_quotes_only,True,"{""diagnostic_messages"": [], ""fallback_to_flat_bs"": false, ""objective_value"": 7.981658209519332e-05, ""observed_iv_count"": 17, ""optimizer_success"": true, ""parameters"": {""atm_variance_rate"": 0.038263077050673694, ""eta"": 0.2067437336426597, ""gamma"": 0.8289148800811577, ""rho"": -0.552220579214996}, ""static_arbitrage_valid"": true, ""status"": ""PASS""}",PASS,True,False,torch-cuda-fp64-heston,float64,2026-09-27T13:24:48.175681+00:00,d8fba3fcc6a21a4d4162ea87d1e5668e6bf6ce0e45a17f44645ddae515da1f39,False,GREEN,No Action
V6-LOCKED_TEST-F11-109000012,LOCKED_TEST,LONG|MID|LIQUID,F11,True,10.553285374040893,8.5677653913829,0.3657194876663847,0.009952714961397602,0.07822096593530328,0.0,0.0,8.652580171804328,0.0944265931112892,0.0,0.0,8.5677653913829,0.0,5.120253237067343,0.0877016919340422,0.004981741533265235,0.6215047358843556,0.6215047358843556,2.0,HESTON,controlled proxy: isolated incorrect-rate/forward operator,True,109000012,159000012,169000012,observable_quotes_only,True,"{""diagnostic_messages"": [], ""fallback_to_flat_bs"": false, ""objective_value"": 5.105488062702478e-05, ""observed_iv_count"": 17, ""optimizer_success"": true, ""parameters"": {""atm_variance_rate"": 0.03958577173794094, ""eta"": 0.5580300058934944, ""gamma"": 0.535656075052874, ""rho"": -0.4363522611912702}, ""static_arbitrage_valid"": true, ""status"": ""PASS""}",PASS,True,False,torch-cuda-fp64-heston,float64,2026-09-27T13:25:11.676056+00:00,d8fba3fcc6a21a4d4162ea87d1e5668e6bf6ce0e45a17f44645ddae515da1f39,True,RED,Apply Usage Limitation
V6-LOCKED_TEST-F12-109000013,LOCKED_TEST,SHORT|MID|LIQUID,F12,True,1.0972806777743305,0.9234348362352738,0.23840542680054383,0.009168337374882625,0.0691586385410331,0.0,0.0,1.4978961610451402,0.16947893561997723,0.9285714285714284,0.0,0.9234348362352738,0.0,0.8863954468026358,0.07754097049785999,0.004589128420595998,0.21874345116517724,0.21874345116517724,2.0,HESTON,controlled proxy: isolated wing-extrapolation operator,True,109000013,159000013,169000013,observable_quotes_only,True,"{""diagnostic_messages"": [], ""fallback_to_flat_bs"": false, ""objective_value"": 8.672633150797016e-05, ""observed_iv_count"": 20, ""optimizer_success"": true, ""parameters"": {""atm_variance_rate"": 0.041846697797309935, ""eta"": 0.7424249104792515, ""gamma"": 0.5712762301161665, ""rho"": -0.5825854908373411}, ""static_arbitrage_valid"": true, ""status"": ""PASS""}",PASS,True,False,torch-cuda-fp64-heston,float64,2026-09-27T13:25:34.267737+00:00,d8fba3fcc6a21a4d4162ea87d1e5668e6bf6ce0e45a17f44645ddae515da1f39,False,AMBER,Investigate
V6-LOCKED_TEST-F13-109000014,LOCKED_TEST,SHORT|MID|LIQUID,F13,False,0.19731843203160823,0.34589564014164387,0.12214368585448121,0.004976271002574548,0.050249218558503214,0.0,0.0,0.7517366861685653,0.04287172413206313,0.07246042557143584,0.0,0.34589564014164387,0.0,0.44484790945013825,0.056339645429451676,0.002490827480789008,0.07736485868175653,0.07736485868175653,2.0,HESTON,controlled proxy: isolated maturity-extrapolation operator,True,109000014,159000014,169000014,observable_quotes_only,True,"{""diagnostic_messages"": [], ""fallback_to_flat_bs"": false, ""objective_value"": 8.935345221353444e-05, ""observed_iv_count"": 23, ""optimizer_success"": true, ""parameters"": {""atm_variance_rate"": 0.04258320579384052, ""eta"": 0.11099025624056187, ""gamma"": 0.817849667128729, ""rho"": -0.15489489557107672}, ""static_arbitrage_valid"": true, ""status"": ""PASS""}",PASS,True,False,torch-cuda-fp64-heston,float64,2026-09-27T13:25:58.055986+00:00,d8fba3fcc6a21a4d4162ea87d1e5668e6bf6ce0e45a17f44645ddae515da1f39,False,GREEN,No Action
V6-LOCKED_TEST-F14-109000015,LOCKED_TEST,SHORT|MID|LIQUID,F14,False,0.08591618816036449,0.13640552198215233,0.20068657504813311,0.01012278095237284,0.05626492699408626,2.0,4.18568990729127,1.0448048155078877,0.12707415474326972,0.0,0.0,0.13640552198215233,0.0,0.6182739867745416,0.06308448425461899,0.005066866528196094,0.3412272743491649,0.3412272743491649,2.0,HESTON,controlled proxy: isolated parameter-instability/identifiability operator,True,109000015,159000015,169000015,observable_quotes_only,True,"{""diagnostic_messages"": [""SSVI butterfly sufficient condition exceeded""], ""fallback_to_flat_bs"": true, ""objective_value"": 9.056454050447199e-05, ""observed_iv_count"": 21, ""optimizer_success"": true, ""parameters"": {""atm_variance_rate"": 0.03010849434460029, ""eta"": 0.1422134611932068, ""gamma"": 0.9327110385241862, ""rho"": -0.5727140248483025}, ""static_arbitrage_valid"": false, ""status"": ""FALLBACK_STATIC_ARBITRAGE_FAILURE""}",FALLBACK_STATIC_ARBITRAGE_FAILURE,False,True,torch-cuda-fp64-heston,float64,2026-09-27T13:26:28.187809+00:00,d8fba3fcc6a21a4d4162ea87d1e5668e6bf6ce0e45a17f44645ddae515da1f39,False,GREEN,No Action
V6-LOCKED_TEST-F15-109000016,LOCKED_TEST,SHORT|MID|LIQUID,F15,False,0.04332903014636714,0.09384088700830764,0.15655107426318668,0.012748675018673224,0.10969693333638114,0.0,0.0,0.5194128014915189,0.36030168679368546,0.0,0.0,0.09384088700830764,0.0,0.30736786315804504,0.12299268538225015,0.006381234073411756,0.14963836238188472,0.14963836238188472,2.0,HESTON,controlled proxy: isolated biased-Greeks operator,True,109000016,159000016,169000016,observable_quotes_only,True,"{""diagnostic_messages"": [], ""fallback_to_flat_bs"": false, ""objective_value"": 0.00025935521926904933, ""observed_iv_count"": 22, ""optimizer_success"": true, ""parameters"": {""atm_variance_rate"": 0.07075363600073593, ""eta"": 0.35392717864832907, ""gamma"": 0.19398508095552228, ""rho"": -0.95}, ""static_arbitrage_valid"": true, ""status"": ""PASS""}",PASS,True,False,torch-cuda-fp64-heston,float64,2026-09-27T13:26:52.036669+00:00,d8fba3fcc6a21a4d4162ea87d1e5668e6bf6ce0e45a17f44645ddae515da1f39,False,GREEN,No Action
V6-LOCKED_TEST-F16-109000017,LOCKED_TEST,LONG|MID|LIQUID,F16,False,0.7021487335387814,0.7436470600691321,2.360776782870584,1.4016777485331688,0.1206665635740793,2.0,4.18568990729127,1.354909909136318,0.10307886993826416,0.0,0.0,0.7436470600691321,0.0,0.8017818628016449,0.13529188317702906,0.7015971303513386,0.5458565937683068,0.5458565937683068,2.0,HESTON,controlled proxy: combined F04+F09+F14 multiple-mechanism operator,True,109000017,159000017,169000017,observable_quotes_only,True,"{""diagnostic_messages"": [], ""fallback_to_flat_bs"": false, ""objective_value"": 6.418473022916206e-05, ""observed_iv_count"": 17, ""optimizer_success"": true, ""parameters"": {""atm_variance_rate"": 0.0547900257828093, ""eta"": 0.6222702555790484, ""gamma"": 0.5232716490489513, ""rho"": -0.7691604383136522}, ""static_arbitrage_valid"": true, ""status"": ""PASS""}",PASS,True,False,torch-cuda-fp64-heston,float64,2026-09-27T13:27:31.244721+00:00,d8fba3fcc6a21a4d4162ea87d1e5668e6bf6ce0e45a17f44645ddae515da1f39,True,AMBER,Investigate
V6-LOCKED_TEST-F00-109000018,LOCKED_TEST,SHORT|MID|LIQUID,F00,False,0.08675691249653084,0.10470596709005105,0.37595125023504494,0.005110106368692425,0.08940964606914086,0.0,0.0,1.9012428360077571,0.20698068264010383,0.0,0.0,0.10470596709005105,0.0,1.1250799868046526,0.10024648943830683,0.0025578175638563084,0.208426431924039,0.208426431924039,0.0,HESTON,canonical Heston truth; no injected fault,False,109000018,159000018,169000018,observable_quotes_only,True,"{""diagnostic_messages"": [""SSVI butterfly sufficient condition exceeded""], ""fallback_to_flat_bs"": true, ""objective_value"": 0.00021681153076162104, ""observed_iv_count"": 17, ""optimizer_success"": true, ""parameters"": {""atm_variance_rate"": 0.017795759047401213, ""eta"": 0.12715194267634725, ""gamma"": 0.9798686168702334, ""rho"": -0.5181617122904005}, ""static_arbitrage_valid"": false, ""status"": ""FALLBACK_STATIC_ARBITRAGE_FAILURE""}",FALLBACK_STATIC_ARBITRAGE_FAILURE,False,True,torch-cuda-fp64-heston,float64,2026-09-27T13:28:00.587833+00:00,d8fba3fcc6a21a4d4162ea87d1e5668e6bf6ce0e45a17f44645ddae515da1f39,False,GREEN,No Action
V6-LOCKED_TEST-F01-109000019,LOCKED_TEST,LONG|MID|LIQUID,F01,False,0.03409441225174985,0.16396635448959299,0.27743053703291254,0.005677526684158329,0.09994603494946534,0.0,0.0,0.5368550216022755,0.07613267999857345,0.0,0.0,0.16396635448959299,0.0,0.3176894761579185,0.11205993511275397,0.0028418346751006972,0.08131425865457713,0.08131425865457713,2.0,BATES,real Heston-on-canonical-Bates truth,False,109000019,159000019,169000019,observable_quotes_only,True,"{""diagnostic_messages"": [], ""fallback_to_flat_bs"": false, ""objective_value"": 3.325371773227749e-05, ""observed_iv_count"": 19, ""optimizer_success"": true, ""parameters"": {""atm_variance_rate"": 0.06776016748592023, ""eta"": 0.4961878960370358, ""gamma"": 0.6297424373243871, ""rho"": -0.39363755813612417}, ""static_arbitrage_valid"": true, ""status"": ""PASS""}",PASS,True,False,torch-cuda-fp64-bates,float64,2026-09-27T13:28:28.710374+00:00,d8fba3fcc6a21a4d4162ea87d1e5668e6bf6ce0e45a17f44645ddae515da1f39,False,GREEN,No Action
V6-LOCKED_TEST-F02-109000020,LOCKED_TEST,SHORT|MID|LIQUID,F02,False,0.09675475013432669,0.1034805530705909,0.24379672605523178,0.007019590279986256,0.06746993637455867,0.0,0.0,0.2128780862586786,0.06763926074734516,0.0,0.0,0.1034805530705909,0.0,0.12597279523841776,0.07564759018221692,0.0035135924800364093,0.05220149044314035,0.05220149044314035,2.0,LOCALVOL_SSVI,real Heston-on-SSVI-marginal Dupire LocalVol truth,False,109000020,159000020,169000020,observable_quotes_only,True,"{""diagnostic_messages"": [], ""fallback_to_flat_bs"": false, ""objective_value"": 4.49869704924238e-05, ""observed_iv_count"": 20, ""optimizer_success"": true, ""parameters"": {""atm_variance_rate"": 0.03570814766464847, ""eta"": 0.09695465211648556, ""gamma"": 0.9015331254454821, ""rho"": -0.3916050035412362}, ""static_arbitrage_valid"": true, ""status"": ""PASS""}",PASS,True,False,torch-cuda-fp64-localvol_ssvi,float64,2026-09-27T13:28:57.976616+00:00,d8fba3fcc6a21a4d4162ea87d1e5668e6bf6ce0e45a17f44645ddae515da1f39,False,GREEN,No Action
V6-LOCKED_TEST-F03-109000021,LOCKED_TEST,LONG|MID|LIQUID,F03,False,0.21011583536409784,0.22509560113414717,0.20473201156645335,0.008406917934559468,0.11286601994534937,0.0,0.0,0.43142719318835565,0.012537391253974583,0.0,0.0,0.22509560113414717,0.0,0.2553014752385597,0.12654587926280014,0.004208006800534974,0.05610515330084092,0.05610515330084092,2.0,PIECEWISE_REGIME,real Heston-on-piecewise two-regime risk-neutral mixture truth,False,109000021,159000021,169000021,observable_quotes_only,True,"{""diagnostic_messages"": [], ""fallback_to_flat_bs"": false, ""objective_value"": 0.00020800494182955935, ""observed_iv_count"": 21, ""optimizer_success"": true, ""parameters"": {""atm_variance_rate"": 0.15664146329845482, ""eta"": 0.3298103082166928, ""gamma"": 0.43227583334835196, ""rho"": -0.18474000048688688}, ""static_arbitrage_valid"": true, ""status"": ""PASS""}",PASS,True,False,torch-cuda-fp64-piecewise_regime,float64,2026-09-27T13:29:19.089549+00:00,d8fba3fcc6a21a4d4162ea87d1e5668e6bf6ce0e45a17f44645ddae515da1f39,False,GREEN,No Action
V6-LOCKED_TEST-F04-109000022,LOCKED_TEST,SHORT|MID|LIQUID,F04,False,0.6553341966962842,0.5462660516339517,0.32742378057137156,1.1296356363454854,0.18600958429263315,0.0,0.0,1.590790918026752,0.1721469480966033,0.0,0.0,0.5462660516339517,0.0,0.9413668739026861,0.20855476614677165,0.5654289094850722,0.2511900014601859,0.2511900014601859,2.0,HESTON,controlled proxy: isolated poor-integration-resolution operator,True,109000022,159000022,169000022,observable_quotes_only,True,"{""diagnostic_messages"": [""SSVI butterfly sufficient condition exceeded""], ""fallback_to_flat_bs"": true, ""objective_value"": 0.00021685356876797267, ""observed_iv_count"": 17, ""optimizer_success"": true, ""parameters"": {""atm_variance_rate"": 0.01878850432334127, ""eta"": 0.6378454641551908, ""gamma"": 0.6676300136709296, ""rho"": -0.4590111055126955}, ""static_arbitrage_valid"": false, ""status"": ""FALLBACK_STATIC_ARBITRAGE_FAILURE""}",FALLBACK_STATIC_ARBITRAGE_FAILURE,False,True,torch-cuda-fp64-heston,float64,2026-09-27T13:29:43.496082+00:00,d8fba3fcc6a21a4d4162ea87d1e5668e6bf6ce0e45a17f44645ddae515da1f39,False,GREEN,No Action
V6-LOCKED_TEST-F05-109000023,LOCKED_TEST,LONG|MID|LIQUID,F05,False,0.02345558767811215,0.08088521265151888,0.24046906738324786,1.244056827240383,0.11789748726250879,0.0,0.0,0.44565863581804627,0.05454411218554668,0.0,0.0,0.08088521265151888,0.0,0.26372307766765535,0.1321871826058283,0.6227014025864658,0.13902788639739969,0.13902788639739969,2.0,HESTON,controlled proxy: isolated coarse-PDE-disagreement operator,True,109000023,159000023,169000023,observable_quotes_only,True,"{""diagnostic_messages"": [], ""fallback_to_flat_bs"": false, ""objective_value"": 0.00012078066869138584, ""observed_iv_count"": 20, ""optimizer_success"": true, ""parameters"": {""atm_variance_rate"": 0.08977088477092535, ""eta"": 0.7802282964464262, ""gamma"": 0.0, ""rho"": -0.949982746355107}, ""static_arbitrage_valid"": true, ""status"": ""PASS""}",PASS,True,False,torch-cuda-fp64-heston,float64,2026-09-27T13:30:09.868059+00:00,d8fba3fcc6a21a4d4162ea87d1e5668e6bf6ce0e45a17f44645ddae515da1f39,False,GREEN,No Action
V6-LOCKED_TEST-F06-109000024,LOCKED_TEST,SHORT|MID|LIQUID,F06,False,0.03609497854049626,0.1530546611673033,0.2856700855827799,1.9987826522688104,0.0712266670842644,0.0,0.0,0.3974815756043719,0.07404622714474075,0.0,0.0,0.1530546611673033,0.0,0.2352138071826164,0.07985965321982084,1.0004725940005534,0.17927962713787216,0.17927962713787216,2.0,HESTON,controlled proxy: isolated insufficient-Monte-Carlo operator,True,109000024,159000024,169000024,observable_quotes_only,True,"{""diagnostic_messages"": [], ""fallback_to_flat_bs"": false, ""objective_value"": 0.0001026231513011636, ""observed_iv_count"": 17, ""optimizer_success"": true, ""parameters"": {""atm_variance_rate"": 0.04924921316057635, ""eta"": 0.586093499821652, ""gamma"": 0.6287092097111702, ""rho"": -0.292854461652363}, ""static_arbitrage_valid"": true, ""status"": ""PASS""}",PASS,True,False,torch-cuda-fp64-heston,float64,2026-09-27T13:30:40.749232+00:00,d8fba3fcc6a21a4d4162ea87d1e5668e6bf6ce0e45a17f44645ddae515da1f39,False,GREEN,No Action
V6-LOCKED_TEST-F07-109000025,LOCKED_TEST,SHORT|MID|LIQUID,F07,True,1.8393194959720172,1.8957133589797062,0.23872128407756982,0.007202640599243467,1.7406169654806987,0.0,0.0,2.069197249279566,0.06731450912947509,0.0,0.0,1.8957133589797062,0.0,1.2244687368837397,1.9515874172151864,0.0036052166631520737,0.3823734288709326,0.3823734288709326,2.0,HESTON,controlled proxy: isolated calibration-local-minimum operator,True,109000025,159000025,169000025,observable_quotes_only,True,"{""diagnostic_messages"": [], ""fallback_to_flat_bs"": false, ""objective_value"": 1.7440982360973145e-05, ""observed_iv_count"": 20, ""optimizer_success"": true, ""parameters"": {""atm_variance_rate"": 0.07279064716918338, ""eta"": 0.4501438063989564, ""gamma"": 0.5336776763842173, ""rho"": -0.5307707828296255}, ""static_arbitrage_valid"": true, ""status"": ""PASS""}",PASS,True,False,torch-cuda-fp64-heston,float64,2026-09-27T13:31:08.149885+00:00,d8fba3fcc6a21a4d4162ea87d1e5668e6bf6ce0e45a17f44645ddae515da1f39,False,AMBER,Investigate
V6-LOCKED_TEST-F08-109000026,LOCKED_TEST,SHORT|MID|LIQUID,F08,False,0.026472907509497715,0.084215931730457,0.24636878800106057,0.005497215685872612,0.8256457586913979,0.0,0.0,1.7519265360973475,0.33045277151605423,1.7857142857142856,0.0,0.084215931730457,0.0,1.0367205318464026,0.9257176654567577,0.002751581634342627,0.4229258328100177,0.4229258328100177,2.0,HESTON,controlled proxy: isolated sparse-calibration-support operator,True,109000026,159000026,169000026,observable_quotes_only,True,"{""diagnostic_messages"": [], ""fallback_to_flat_bs"": false, ""objective_value"": 0.0003521720971561075, ""observed_iv_count"": 20, ""optimizer_success"": true, ""parameters"": {""atm_variance_rate"": 0.024964443799368734, ""eta"": 3.0, ""gamma"": 0.30414956162897233, ""rho"": -0.5435633350726653}, ""static_arbitrage_valid"": true, ""status"": ""PASS""}",PASS,True,False,torch-cuda-fp64-heston,float64,2026-09-27T13:31:43.529375+00:00,d8fba3fcc6a21a4d4162ea87d1e5668e6bf6ce0e45a17f44645ddae515da1f39,False,GREEN,No Action
V6-LOCKED_TEST-F09-109000027,LOCKED_TEST,SHORT|MID|LIQUID,F09,False,0.07093900216472383,0.10069634403760852,2.1625223308282493,0.005150634484719524,0.10455260102393703,0.0,0.0,0.41137918343542046,0.0553827388517337,0.0,0.0,0.10069634403760852,0.0,0.2434378594388788,0.11722483730881325,0.0025781035460893252,0.15990116213992456,0.15990116213992456,2.0,HESTON,controlled proxy: isolated corrupt-quote data-evidence operator,True,109000027,159000027,169000027,observable_quotes_only,True,"{""diagnostic_messages"": [], ""fallback_to_flat_bs"": false, ""objective_value"": 7.654213934663596e-06, ""observed_iv_count"": 22, ""optimizer_success"": true, ""parameters"": {""atm_variance_rate"": 0.09284883644434391, ""eta"": 0.5708534210838948, ""gamma"": 0.17046789779206709, ""rho"": -0.7905754839807179}, ""static_arbitrage_valid"": true, ""status"": ""PASS""}",PASS,True,False,torch-cuda-fp64-heston,float64,2026-09-27T13:32:13.260142+00:00,d8fba3fcc6a21a4d4162ea87d1e5668e6bf6ce0e45a17f44645ddae515da1f39,False,GREEN,No Action
V6-LOCKED_TEST-F10-109000028,LOCKED_TEST,LONG|MID|LIQUID,F10,False,0.045937030616168446,0.05554977988521924,1.159273671778498,0.005982719996224569,0.13386811151980404,0.0,0.0,0.353625961925055,0.05686182762422233,1.2857142857142863,0.0,0.05554977988521924,0.0,0.20926179709470855,0.15009351694803177,0.002994596429485519,0.18831838374068724,0.18831838374068724,2.0,HESTON,controlled proxy: isolated stale/asynchronous observation operator,True,109000028,159000028,169000028,observable_quotes_only,True,"{""diagnostic_messages"": [], ""fallback_to_flat_bs"": false, ""objective_value"": 1.8473902248258487e-05, ""observed_iv_count"": 22, ""optimizer_success"": true, ""parameters"": {""atm_variance_rate"": 0.05673697325827259, ""eta"": 0.6733586810452128, ""gamma"": 0.4813825416745704, ""rho"": -0.2514873918621622}, ""static_arbitrage_valid"": true, ""status"": ""PASS""}",PASS,True,False,torch-cuda-fp64-heston,float64,2026-09-27T13:32:53.485103+00:00,d8fba3fcc6a21a4d4162ea87d1e5668e6bf6ce0e45a17f44645ddae515da1f39,False,GREEN,No Action
V6-LOCKED_TEST-F11-109000029,LOCKED_TEST,SHORT|MID|LIQUID,F11,True,16.58848328396556,42.91378771922637,0.24583108705094237,0.0073384055224580864,0.10101627722382919,0.0,0.0,36.66371934663504,0.42081134965774003,0.0,0.0,42.91378771922637,0.0,21.69613270724421,0.11325989547016864,0.003673172568587133,2.5448296092411353,2.5448296092411353,2.0,HESTON,controlled proxy: isolated incorrect-rate/forward operator,True,109000029,159000029,169000029,observable_quotes_only,True,"{""diagnostic_messages"": [], ""fallback_to_flat_bs"": false, ""objective_value"": 0.00010376213282895083, ""observed_iv_count"": 19, ""optimizer_success"": true, ""parameters"": {""atm_variance_rate"": 0.022600423321775944, ""eta"": 0.6330566999647387, ""gamma"": 0.5727605259664676, ""rho"": -0.7276752992514077}, ""static_arbitrage_valid"": true, ""status"": ""PASS""}",PASS,True,False,torch-cuda-fp64-heston,float64,2026-09-27T13:33:36.908828+00:00,d8fba3fcc6a21a4d4162ea87d1e5668e6bf6ce0e45a17f44645ddae515da1f39,True,RED,Apply Usage Limitation
V6-LOCKED_TEST-F12-109000030,LOCKED_TEST,SHORT|MID|LIQUID,F12,False,0.7937988137970583,0.9176318206118697,0.2398948921694779,0.00865701496098497,0.11605971488905073,0.0,0.0,1.3101017723227815,0.08715813557274285,0.9285714285714286,0.0,0.9176318206118697,0.0,0.7752661873602207,0.13012666411676718,0.0043331906070362605,0.1909204286529061,0.1909204286529061,2.0,HESTON,controlled proxy: isolated wing-extrapolation operator,True,109000030,159000030,169000030,observable_quotes_only,True,"{""diagnostic_messages"": [], ""fallback_to_flat_bs"": false, ""objective_value"": 0.00010103010085760872, ""observed_iv_count"": 20, ""optimizer_success"": true, ""parameters"": {""atm_variance_rate"": 0.02398857102443412, ""eta"": 0.07171525013498405, ""gamma"": 1.0, ""rho"": -0.35200298534014085}, ""static_arbitrage_valid"": true, ""status"": ""PASS""}",PASS,True,False,torch-cuda-fp64-heston,float64,2026-09-27T13:34:09.132137+00:00,d8fba3fcc6a21a4d4162ea87d1e5668e6bf6ce0e45a17f44645ddae515da1f39,False,GREEN,No Action
V6-LOCKED_TEST-F13-109000031,LOCKED_TEST,SHORT|MID|LIQUID,F13,False,0.22330560408955424,0.3064648994887242,0.20706948573846068,0.006379531158650568,0.12361455333644228,0.0,0.0,0.7791117564970708,0.05584011298814473,0.11413170685307843,0.0,0.3064648994887242,0.0,0.4610473886437817,0.1385971822982047,0.0031932166709360255,0.0983711812300487,0.0983711812300487,2.0,HESTON,controlled proxy: isolated maturity-extrapolation operator,True,109000031,159000031,169000031,observable_quotes_only,True,"{""diagnostic_messages"": [], ""fallback_to_flat_bs"": false, ""objective_value"": 5.980433276089376e-05, ""observed_iv_count"": 21, ""optimizer_success"": true, ""parameters"": {""atm_variance_rate"": 0.0656653546647593, ""eta"": 0.1525715379548184, ""gamma"": 0.9510814585032614, ""rho"": -0.29852810472001856}, ""static_arbitrage_valid"": true, ""status"": ""PASS""}",PASS,True,False,torch-cuda-fp64-heston,float64,2026-09-27T13:34:36.482609+00:00,d8fba3fcc6a21a4d4162ea87d1e5668e6bf6ce0e45a17f44645ddae515da1f39,False,GREEN,No Action
V6-LOCKED_TEST-F14-109000032,LOCKED_TEST,SHORT|MID|LIQUID,F14,False,0.13267526831544738,0.0525854690388508,0.36544072637838354,0.012773214542734529,0.10481058504858365,2.0,4.18568990729127,1.804238255014112,0.31759605797303053,0.0,0.0,0.0525854690388508,0.0,1.0676765291098484,0.11751409013486727,0.006393517110421951,0.4548087486367795,0.4548087486367795,2.0,HESTON,controlled proxy: isolated parameter-instability/identifiability operator,True,109000032,159000032,169000032,observable_quotes_only,True,"{""diagnostic_messages"": [], ""fallback_to_flat_bs"": false, ""objective_value"": 1.710586835754818e-05, ""observed_iv_count"": 17, ""optimizer_success"": true, ""parameters"": {""atm_variance_rate"": 0.026732545830139908, ""eta"": 1.5135711281888595, ""gamma"": 0.48617488462297775, ""rho"": -0.25756968042808265}, ""static_arbitrage_valid"": true, ""status"": ""PASS""}",PASS,True,False,torch-cuda-fp64-heston,float64,2026-09-27T13:35:20.301629+00:00,d8fba3fcc6a21a4d4162ea87d1e5668e6bf6ce0e45a17f44645ddae515da1f39,False,GREEN,No Action
V6-LOCKED_TEST-F15-109000033,LOCKED_TEST,SHORT|MID|LIQUID,F15,False,0.03022421888830532,0.08752072231004994,0.1554749208037493,0.012739808401171615,0.06531655875730788,0.0,0.0,0.8294580139202299,0.34311724018948686,0.0,0.0,0.08752072231004994,0.0,0.4908403038698304,0.07323321370210553,0.006376795968147146,0.15998317957187633,0.15998317957187633,2.0,HESTON,controlled proxy: isolated biased-Greeks operator,True,109000033,159000033,169000033,observable_quotes_only,True,"{""diagnostic_messages"": [], ""fallback_to_flat_bs"": false, ""objective_value"": 4.8078780980938736e-05, ""observed_iv_count"": 22, ""optimizer_success"": true, ""parameters"": {""atm_variance_rate"": 0.04900073126519799, ""eta"": 1.8042298641246597, ""gamma"": 0.125027486854176, ""rho"": -0.5700763874899503}, ""static_arbitrage_valid"": true, ""status"": ""PASS""}",PASS,True,False,torch-cuda-fp64-heston,float64,2026-09-27T13:35:54.736733+00:00,d8fba3fcc6a21a4d4162ea87d1e5668e6bf6ce0e45a17f44645ddae515da1f39,False,GREEN,No Action
V6-LOCKED_TEST-F16-109000034,LOCKED_TEST,SHORT|MID|WIDE,F16,False,0.6381061805272507,0.5202783703076883,2.260198159661197,1.253721168572714,0.04145199407557032,2.0,4.18568990729127,2.0495943362948474,0.10572549594060016,0.0,0.0,0.5202783703076883,0.0,1.2128685116707993,0.04647615854647289,0.6275388013056756,0.5692311584265661,0.5692311584265661,2.0,HESTON,controlled proxy: combined F04+F09+F14 multiple-mechanism operator,True,109000034,159000034,169000034,observable_quotes_only,True,"{""diagnostic_messages"": [""SSVI butterfly sufficient condition exceeded""], ""fallback_to_flat_bs"": true, ""objective_value"": 0.00011494281387225709, ""observed_iv_count"": 20, ""optimizer_success"": true, ""parameters"": {""atm_variance_rate"": 0.03418604933175926, ""eta"": 0.32046790080084203, ""gamma"": 0.7981050952102668, ""rho"": -0.5692982935223259}, ""static_arbitrage_valid"": false, ""status"": ""FALLBACK_STATIC_ARBITRAGE_FAILURE""}",FALLBACK_STATIC_ARBITRAGE_FAILURE,False,True,torch-cuda-fp64-heston,float64,2026-09-27T13:36:30.580554+00:00,d8fba3fcc6a21a4d4162ea87d1e5668e6bf6ce0e45a17f44645ddae515da1f39,True,AMBER,Investigate
V6-OOD_LOCKED_TEST-F00-110000001,OOD_LOCKED_TEST,LONG|WING|LIQUID,F00,False,0.10530479658154514,0.09064756524995128,0.28155525526496,0.002063581539905025,0.07900875632577282,0.0,0.0,2.4596164472443887,0.5032507860448698,0.0,0.0,0.09064756524995128,0.0,1.4555033095198646,0.08858496599371954,0.0010329070916324826,0.3159660954099946,0.3159660954099946,0.0,HESTON,canonical Heston truth; no injected fault,False,110000001,160000001,170000001,observable_quotes_only,True,"{""diagnostic_messages"": [""SSVI butterfly sufficient condition exceeded""], ""fallback_to_flat_bs"": true, ""objective_value"": 0.00011740097630566062, ""observed_iv_count"": 19, ""optimizer_success"": true, ""parameters"": {""atm_variance_rate"": 0.03983008627284108, ""eta"": 0.6114310556950798, ""gamma"": 0.9529647696174475, ""rho"": -0.7541639780588821}, ""static_arbitrage_valid"": false, ""status"": ""FALLBACK_STATIC_ARBITRAGE_FAILURE""}",FALLBACK_STATIC_ARBITRAGE_FAILURE,False,True,torch-cuda-fp64-heston,float64,2026-09-27T13:37:01.803023+00:00,d8fba3fcc6a21a4d4162ea87d1e5668e6bf6ce0e45a17f44645ddae515da1f39,False,GREEN,No Action
V6-OOD_LOCKED_TEST-F01-110000002,OOD_LOCKED_TEST,LONG|WING|LIQUID,F01,False,0.17913675640576726,0.20384661614632393,0.47691480905812245,0.003216290842695895,0.12529589986145281,0.0,0.0,1.026960286755041,0.13363056934519604,0.0,0.0,0.20384661614632393,0.0,0.607714303501286,0.14048231543620263,0.001609885316344758,0.1411825127878959,0.1411825127878959,2.0,BATES,real Heston-on-canonical-Bates truth,False,110000002,160000002,170000002,observable_quotes_only,True,"{""diagnostic_messages"": [], ""fallback_to_flat_bs"": false, ""objective_value"": 6.416662731686194e-05, ""observed_iv_count"": 14, ""optimizer_success"": true, ""parameters"": {""atm_variance_rate"": 0.10654728184036294, ""eta"": 0.6770862707795511, ""gamma"": 0.7109561520634654, ""rho"": -0.4035869263416791}, ""static_arbitrage_valid"": true, ""status"": ""PASS""}",PASS,True,False,torch-cuda-fp64-bates,float64,2026-09-27T13:37:25.443907+00:00,d8fba3fcc6a21a4d4162ea87d1e5668e6bf6ce0e45a17f44645ddae515da1f39,False,GREEN,No Action
V6-OOD_LOCKED_TEST-F02-110000003,OOD_LOCKED_TEST,LONG|WING|LIQUID,F02,False,0.07953178891693158,0.07342154146797812,0.30931752022067593,0.005202503966895811,0.07134572031763153,0.0,0.0,0.4770865822789514,0.04952424037853327,0.0,0.0,0.07342154146797812,0.0,0.28232088796304056,0.07999313623005563,0.002604066346658697,0.06844090064862018,0.06844090064862018,2.0,LOCALVOL_SSVI,real Heston-on-SSVI-marginal Dupire LocalVol truth,False,110000003,160000003,170000003,observable_quotes_only,True,"{""diagnostic_messages"": [], ""fallback_to_flat_bs"": false, ""objective_value"": 7.813920384750704e-06, ""observed_iv_count"": 18, ""optimizer_success"": true, ""parameters"": {""atm_variance_rate"": 0.16573829220765357, ""eta"": 0.5124699859234699, ""gamma"": 0.5983996282662666, ""rho"": -0.37537413477032866}, ""static_arbitrage_valid"": true, ""status"": ""PASS""}",PASS,True,False,torch-cuda-fp64-localvol_ssvi,float64,2026-09-27T13:37:45.987517+00:00,d8fba3fcc6a21a4d4162ea87d1e5668e6bf6ce0e45a17f44645ddae515da1f39,False,GREEN,No Action
V6-OOD_LOCKED_TEST-F03-110000004,OOD_LOCKED_TEST,LONG|WING|LIQUID,F03,False,0.09190523346237281,0.13510859277713277,0.32220928991345993,0.0030264667137297856,0.053211347489871615,0.0,0.0,0.19502246259657244,0.024992324962348936,0.0,0.0,0.13510859277713277,0.0,0.11540654643858833,0.05966079744926504,0.0015148705639928459,0.04177564153247032,0.04177564153247032,2.0,PIECEWISE_REGIME,real Heston-on-piecewise two-regime risk-neutral mixture truth,False,110000004,160000004,170000004,observable_quotes_only,True,"{""diagnostic_messages"": [], ""fallback_to_flat_bs"": false, ""objective_value"": 4.264398687376473e-05, ""observed_iv_count"": 18, ""optimizer_success"": true, ""parameters"": {""atm_variance_rate"": 0.10389241704642775, ""eta"": 0.04787073446009872, ""gamma"": 0.27041487179625695, ""rho"": 0.11953818265055188}, ""static_arbitrage_valid"": true, ""status"": ""PASS""}",PASS,True,False,torch-cuda-fp64-piecewise_regime,float64,2026-09-27T13:38:03.955030+00:00,d8fba3fcc6a21a4d4162ea87d1e5668e6bf6ce0e45a17f44645ddae515da1f39,False,GREEN,No Action
V6-OOD_LOCKED_TEST-F04-110000005,OOD_LOCKED_TEST,LONG|WING|LIQUID,F04,True,1.0799313342078163,0.9170159781702979,0.28290421512107383,1.8108067171150322,5.989165571263245,0.0,0.0,6.216675736627862,0.32856655116452604,0.0,0.0,0.9170159781702979,0.0,3.678781754371088,6.715078848647107,0.9063829383596519,1.3546037655674117,1.3546037655674117,2.0,HESTON,controlled proxy: isolated poor-integration-resolution operator,True,110000005,160000005,170000005,observable_quotes_only,True,"{""diagnostic_messages"": [""SSVI butterfly sufficient condition exceeded""], ""fallback_to_flat_bs"": true, ""objective_value"": 0.0001652490459887974, ""observed_iv_count"": 19, ""optimizer_success"": true, ""parameters"": {""atm_variance_rate"": 0.06262065633447561, ""eta"": 0.7902550123771657, ""gamma"": 0.8143012380563892, ""rho"": -0.8241357095137299}, ""static_arbitrage_valid"": false, ""status"": ""FALLBACK_STATIC_ARBITRAGE_FAILURE""}",FALLBACK_STATIC_ARBITRAGE_FAILURE,False,True,torch-cuda-fp64-heston,float64,2026-09-27T13:38:28.442152+00:00,d8fba3fcc6a21a4d4162ea87d1e5668e6bf6ce0e45a17f44645ddae515da1f39,True,RED,Apply Usage Limitation
V6-OOD_LOCKED_TEST-F05-110000006,OOD_LOCKED_TEST,LONG|WING|LIQUID,F05,False,0.026652679497263874,0.12022752046661436,0.24151405879915766,2.3956202305129906,0.058820717243344284,0.0,0.0,3.6532351210150695,0.26606173913042486,0.0,0.0,0.12022752046661436,0.0,2.161839426244212,0.06595004755223728,1.1991060576501358,0.46155445682775575,0.46155445682775575,2.0,HESTON,controlled proxy: isolated coarse-PDE-disagreement operator,True,110000006,160000006,170000006,observable_quotes_only,True,"{""diagnostic_messages"": [""SSVI butterfly sufficient condition exceeded""], ""fallback_to_flat_bs"": true, ""objective_value"": 6.369836078627565e-05, ""observed_iv_count"": 20, ""optimizer_success"": true, ""parameters"": {""atm_variance_rate"": 0.07139374013305085, ""eta"": 0.7947288914748796, ""gamma"": 0.8050372559186129, ""rho"": -0.8730172362518547}, ""static_arbitrage_valid"": false, ""status"": ""FALLBACK_STATIC_ARBITRAGE_FAILURE""}",FALLBACK_STATIC_ARBITRAGE_FAILURE,False,True,torch-cuda-fp64-heston,float64,2026-09-27T13:38:55.935664+00:00,d8fba3fcc6a21a4d4162ea87d1e5668e6bf6ce0e45a17f44645ddae515da1f39,False,GREEN,No Action
V6-OOD_LOCKED_TEST-F06-110000007,OOD_LOCKED_TEST,LONG|WING|LIQUID,F06,False,0.07684826361170743,0.12120120804665864,0.4053504267445691,1.9997864287377445,0.11221271927237264,0.0,0.0,3.8697490627048707,0.25118173994064297,0.0,0.0,0.12120120804665864,0.0,2.2899637762987735,0.12581339566742886,1.0009750252411544,0.46453387667424473,0.46453387667424473,2.0,HESTON,controlled proxy: isolated insufficient-Monte-Carlo operator,True,110000007,160000007,170000007,observable_quotes_only,True,"{""diagnostic_messages"": [""SSVI butterfly sufficient condition exceeded""], ""fallback_to_flat_bs"": true, ""objective_value"": 5.8869966596570445e-05, ""observed_iv_count"": 16, ""optimizer_success"": true, ""parameters"": {""atm_variance_rate"": 0.034547662981400634, ""eta"": 0.9436645065334753, ""gamma"": 0.6806668488715095, ""rho"": -0.8923481746288584}, ""static_arbitrage_valid"": false, ""status"": ""FALLBACK_STATIC_ARBITRAGE_FAILURE""}",FALLBACK_STATIC_ARBITRAGE_FAILURE,False,True,torch-cuda-fp64-heston,float64,2026-09-27T13:39:33.021234+00:00,d8fba3fcc6a21a4d4162ea87d1e5668e6bf6ce0e45a17f44645ddae515da1f39,False,GREEN,No Action
V6-OOD_LOCKED_TEST-F07-110000008,OOD_LOCKED_TEST,LONG|WING|WIDE,F07,True,2.5806972286987113,2.4432598835044965,0.22904539210962208,0.0015675375011620725,1.7315882832641198,0.0,0.0,5.2197951727131775,0.6446555730342561,0.0,0.0,2.4432598835044965,0.0,3.0888674359823707,1.9414644189005952,0.0007846167306888609,0.7374396368282123,0.7374396368282123,2.0,HESTON,controlled proxy: isolated calibration-local-minimum operator,True,110000008,160000008,170000008,observable_quotes_only,True,"{""diagnostic_messages"": [""SSVI butterfly sufficient condition exceeded""], ""fallback_to_flat_bs"": true, ""objective_value"": 7.954291846191246e-05, ""observed_iv_count"": 21, ""optimizer_success"": true, ""parameters"": {""atm_variance_rate"": 0.02609628587979001, ""eta"": 0.4189290498562098, ""gamma"": 1.0, ""rho"": -0.8190554128260013}, ""static_arbitrage_valid"": false, ""status"": ""FALLBACK_STATIC_ARBITRAGE_FAILURE""}",FALLBACK_STATIC_ARBITRAGE_FAILURE,False,True,torch-cuda-fp64-heston,float64,2026-09-27T13:40:19.203748+00:00,d8fba3fcc6a21a4d4162ea87d1e5668e6bf6ce0e45a17f44645ddae515da1f39,True,RED,Apply Usage Limitation
V6-OOD_LOCKED_TEST-F08-110000009,OOD_LOCKED_TEST,LONG|WING|WIDE,F08,False,0.030716010213316648,0.18310707089443196,0.2212810773846834,0.01482756147173414,0.8948428982656732,0.0,0.0,6.336647060600281,0.5215769818477781,2.8333333333333326,0.0,0.18310707089443196,0.0,3.7497760182470548,1.0033018034828651,0.007421801901017031,0.8445703732026622,0.8445703732026622,2.0,HESTON,controlled proxy: isolated sparse-calibration-support operator,True,110000009,160000009,170000009,observable_quotes_only,True,"{""diagnostic_messages"": [""SSVI butterfly sufficient condition exceeded""], ""fallback_to_flat_bs"": true, ""objective_value"": 8.781285653764053e-05, ""observed_iv_count"": 21, ""optimizer_success"": true, ""parameters"": {""atm_variance_rate"": 0.04044271539174356, ""eta"": 2.8963077466408387, ""gamma"": 0.29959873170715556, ""rho"": -0.7301473526247877}, ""static_arbitrage_valid"": false, ""status"": ""FALLBACK_STATIC_ARBITRAGE_FAILURE""}",FALLBACK_STATIC_ARBITRAGE_FAILURE,False,True,torch-cuda-fp64-heston,float64,2026-09-27T13:40:52.153721+00:00,d8fba3fcc6a21a4d4162ea87d1e5668e6bf6ce0e45a17f44645ddae515da1f39,True,AMBER,Investigate
V6-OOD_LOCKED_TEST-F09-110000010,OOD_LOCKED_TEST,LONG|WING|LIQUID,F09,False,0.024271226137026494,0.11181842116948572,2.350035743089186,0.005555136493558803,0.09827927730901354,0.0,0.0,2.5397419133773744,0.3732649410516003,0.0,0.0,0.11181842116948572,0.0,1.5029183775334323,0.11019115909645523,0.0027805733712113825,0.3906938765270863,0.3906938765270863,2.0,HESTON,controlled proxy: isolated corrupt-quote data-evidence operator,True,110000010,160000010,170000010,observable_quotes_only,True,"{""diagnostic_messages"": [], ""fallback_to_flat_bs"": false, ""objective_value"": 5.533105866909304e-05, ""observed_iv_count"": 17, ""optimizer_success"": true, ""parameters"": {""atm_variance_rate"": 0.0618422515316877, ""eta"": 1.0403213533537172, ""gamma"": 0.6297815457399414, ""rho"": -0.9268461099993078}, ""static_arbitrage_valid"": true, ""status"": ""PASS""}",PASS,True,False,torch-cuda-fp64-heston,float64,2026-09-27T13:41:40.396574+00:00,d8fba3fcc6a21a4d4162ea87d1e5668e6bf6ce0e45a17f44645ddae515da1f39,False,GREEN,No Action
V6-OOD_LOCKED_TEST-F10-110000011,OOD_LOCKED_TEST,LONG|WING|LIQUID,F10,False,0.11305198838094457,0.1283008551252223,1.4946389738168,0.00982925163977793,0.1188787033779642,0.0,0.0,4.533478715224295,0.47144573454157457,2.333333333333333,0.0,0.1283008551252223,0.0,2.682732619160761,0.13328732644130029,0.004919943083341453,0.6480670190325145,0.6480670190325145,2.0,HESTON,controlled proxy: isolated stale/asynchronous observation operator,True,110000011,160000011,170000011,observable_quotes_only,True,"{""diagnostic_messages"": [""SSVI butterfly sufficient condition exceeded""], ""fallback_to_flat_bs"": true, ""objective_value"": 6.781174551566581e-05, ""observed_iv_count"": 14, ""optimizer_success"": true, ""parameters"": {""atm_variance_rate"": 0.05540208844184549, ""eta"": 1.1785047937202242, ""gamma"": 0.6444093431350428, ""rho"": -0.870089289376098}, ""static_arbitrage_valid"": false, ""status"": ""FALLBACK_STATIC_ARBITRAGE_FAILURE""}",FALLBACK_STATIC_ARBITRAGE_FAILURE,False,True,torch-cuda-fp64-heston,float64,2026-09-27T13:42:05.505291+00:00,d8fba3fcc6a21a4d4162ea87d1e5668e6bf6ce0e45a17f44645ddae515da1f39,True,AMBER,Investigate
V6-OOD_LOCKED_TEST-F11-110000012,OOD_LOCKED_TEST,LONG|WING|LIQUID,F11,True,19.930923243364877,19.90260368576634,0.3603781233683651,0.001825768036764855,0.12637259793027295,0.0,0.0,19.751058749988523,0.2575104976380032,0.0,0.0,19.90260368576634,0.0,11.687891991996095,0.14168951405882949,0.0009138716917079658,1.3988494130862132,1.3988494130862132,2.0,HESTON,controlled proxy: isolated incorrect-rate/forward operator,True,110000012,160000012,170000012,observable_quotes_only,True,"{""diagnostic_messages"": [], ""fallback_to_flat_bs"": false, ""objective_value"": 1.2183349484068824e-05, ""observed_iv_count"": 17, ""optimizer_success"": true, ""parameters"": {""atm_variance_rate"": 0.059077414841409506, ""eta"": 0.5476828150330717, ""gamma"": 0.9058188390631716, ""rho"": -0.7775318401833574}, ""static_arbitrage_valid"": true, ""status"": ""PASS""}",PASS,True,False,torch-cuda-fp64-heston,float64,2026-09-27T13:42:34.233295+00:00,d8fba3fcc6a21a4d4162ea87d1e5668e6bf6ce0e45a17f44645ddae515da1f39,True,RED,Apply Usage Limitation
V6-OOD_LOCKED_TEST-F12-110000013,OOD_LOCKED_TEST,LONG|WING|LIQUID,F12,True,1.3996964475670612,1.125374748448473,0.21552750768065485,0.0020007311262925874,0.09756331329463384,0.0,0.0,2.5137657496790813,0.2047243807169339,1.3095238095238104,0.0,1.125374748448473,0.0,1.4875467157144304,0.10938841708637928,0.0010014478850651914,0.31950358295158215,0.31950358295158215,2.0,HESTON,controlled proxy: isolated wing-extrapolation operator,True,110000013,160000013,170000013,observable_quotes_only,True,"{""diagnostic_messages"": [], ""fallback_to_flat_bs"": false, ""objective_value"": 8.637958295624826e-05, ""observed_iv_count"": 21, ""optimizer_success"": true, ""parameters"": {""atm_variance_rate"": 0.06330850989417626, ""eta"": 1.1730672761158845, ""gamma"": 0.5714090542123534, ""rho"": -0.7954382355789255}, ""static_arbitrage_valid"": true, ""status"": ""PASS""}",PASS,True,False,torch-cuda-fp64-heston,float64,2026-09-27T13:43:03.519075+00:00,d8fba3fcc6a21a4d4162ea87d1e5668e6bf6ce0e45a17f44645ddae515da1f39,False,AMBER,Investigate
V6-OOD_LOCKED_TEST-F13-110000014,OOD_LOCKED_TEST,LONG|WING|LIQUID,F13,True,2.006659022895981,1.8425028867195024,0.2506321082799678,0.007038129609337591,0.051529016778412665,0.0,0.0,4.957933339618977,0.4669538578541126,2.0,0.0,1.8425028867195024,0.0,2.933908005160319,0.05777456083708125,0.0035228721738070684,0.585821788296711,0.585821788296711,2.0,HESTON,controlled proxy: isolated maturity-extrapolation operator,True,110000014,160000014,170000014,observable_quotes_only,True,"{""diagnostic_messages"": [""SSVI butterfly sufficient condition exceeded""], ""fallback_to_flat_bs"": true, ""objective_value"": 0.00040372392548946033, ""observed_iv_count"": 20, ""optimizer_success"": true, ""parameters"": {""atm_variance_rate"": 0.05305805254854273, ""eta"": 0.8077379167188696, ""gamma"": 0.8478443712447372, ""rho"": -0.7694854991664992}, ""static_arbitrage_valid"": false, ""status"": ""FALLBACK_STATIC_ARBITRAGE_FAILURE""}",FALLBACK_STATIC_ARBITRAGE_FAILURE,False,True,torch-cuda-fp64-heston,float64,2026-09-27T13:43:44.220283+00:00,d8fba3fcc6a21a4d4162ea87d1e5668e6bf6ce0e45a17f44645ddae515da1f39,True,RED,Apply Usage Limitation
V6-OOD_LOCKED_TEST-F14-110000015,OOD_LOCKED_TEST,LONG|WING|LIQUID,F14,False,0.08622966880512879,0.09492755444291395,0.33652904227900404,0.0009070166536320936,0.09638651961628203,2.0,4.18568990729127,1.0155310843222412,0.2538176018339221,0.0,0.0,0.09492755444291395,0.0,0.6009509555066221,0.1080689908249585,0.00045399898945038604,0.3832844386074956,0.3832844386074956,2.0,HESTON,controlled proxy: isolated parameter-instability/identifiability operator,True,110000015,160000015,170000015,observable_quotes_only,True,"{""diagnostic_messages"": [], ""fallback_to_flat_bs"": false, ""objective_value"": 4.7658364952613265e-05, ""observed_iv_count"": 18, ""optimizer_success"": true, ""parameters"": {""atm_variance_rate"": 0.07806849786073003, ""eta"": 0.7982069976447344, ""gamma"": 0.7609299064443984, ""rho"": -0.8028047134688542}, ""static_arbitrage_valid"": true, ""status"": ""PASS""}",PASS,True,False,torch-cuda-fp64-heston,float64,2026-09-27T13:44:23.055624+00:00,d8fba3fcc6a21a4d4162ea87d1e5668e6bf6ce0e45a17f44645ddae515da1f39,False,GREEN,No Action
V6-OOD_LOCKED_TEST-F15-110000016,OOD_LOCKED_TEST,LONG|WING|LIQUID,F15,False,0.04514440458889635,0.10769615029858198,0.2462221709003366,0.0025015247571100957,0.07855167090497431,0.0,0.0,5.530404432699387,0.7436579146005042,0.0,0.0,0.10769615029858198,0.0,3.2726736576328816,0.08807247980433178,0.0012521156114006337,0.5785084376850487,0.5785084376850487,2.0,HESTON,controlled proxy: isolated biased-Greeks operator,True,110000016,160000016,170000016,observable_quotes_only,True,"{""diagnostic_messages"": [""SSVI butterfly sufficient condition exceeded""], ""fallback_to_flat_bs"": true, ""objective_value"": 0.00010646840217244693, ""observed_iv_count"": 20, ""optimizer_success"": true, ""parameters"": {""atm_variance_rate"": 0.033426822116408184, ""eta"": 0.8871864210436562, ""gamma"": 0.7221436970472509, ""rho"": -0.8705054782959238}, ""static_arbitrage_valid"": false, ""status"": ""FALLBACK_STATIC_ARBITRAGE_FAILURE""}",FALLBACK_STATIC_ARBITRAGE_FAILURE,False,True,torch-cuda-fp64-heston,float64,2026-09-27T13:45:03.919772+00:00,d8fba3fcc6a21a4d4162ea87d1e5668e6bf6ce0e45a17f44645ddae515da1f39,True,AMBER,Investigate
V6-OOD_LOCKED_TEST-F16-110000017,OOD_LOCKED_TEST,LONG|WING|LIQUID,F16,False,0.9931034630001236,0.8228530556553716,2.442534345159968,1.7042116917150631,0.11005037943481426,2.0,4.18568990729127,4.133932116971783,0.3037559608973293,0.0,0.0,0.8228530556553716,0.0,2.4462968136043868,0.1233889707063883,0.8530277616732778,0.8001351908133256,0.8001351908133256,2.0,HESTON,controlled proxy: combined F04+F09+F14 multiple-mechanism operator,True,110000017,160000017,170000017,observable_quotes_only,True,"{""diagnostic_messages"": [""SSVI butterfly sufficient condition exceeded""], ""fallback_to_flat_bs"": true, ""objective_value"": 3.620286878288983e-05, ""observed_iv_count"": 15, ""optimizer_success"": true, ""parameters"": {""atm_variance_rate"": 0.04064140953666254, ""eta"": 0.7423779967534035, ""gamma"": 0.7888893699348128, ""rho"": -0.8432217831305727}, ""static_arbitrage_valid"": false, ""status"": ""FALLBACK_STATIC_ARBITRAGE_FAILURE""}",FALLBACK_STATIC_ARBITRAGE_FAILURE,False,True,torch-cuda-fp64-heston,float64,2026-09-27T13:45:29.933857+00:00,d8fba3fcc6a21a4d4162ea87d1e5668e6bf6ce0e45a17f44645ddae515da1f39,True,AMBER,Investigate
