price,scheme,spot_nodes,variance_nodes,time_steps,spot_max,variance_max,minimum_grid_value,case,study,level,grid_type,spot_max_multiple,cf_reference,quantlib_reference,quantlib_effective_maturity,mc_qem_price,mc_qem_standard_error,mc_qem_confidence_low,mc_qem_confidence_high,pde_inside_mc_qem_95pct_ci,absolute_error_cf,absolute_error_quantlib,runtime_seconds,successive_grid_change
8.246927844746175,modified_craig_sneyd,81,41,120,400.0,0.5,-0.0018770533820626932,base,combined_grid_convergence,1,nonuniform_sinh,4.0,8.252848982578506,8.252848982578469,1.0,8.245379933161177,0.011813425942173626,8.222226043780486,8.268533822541867,True,0.005921137832331169,0.005921137832293866,0.5145645000011427,
8.25140040710901,modified_craig_sneyd,161,81,240,400.0,0.5,-6.3330219135851e-05,base,combined_grid_convergence,2,nonuniform_sinh,4.0,8.252848982578506,8.252848982578469,1.0,8.245379933161177,0.011813425942173626,8.222226043780486,8.268533822541867,True,0.0014485754694959496,0.0014485754694586461,2.2396904999986873,0.00447256236283522
8.252414682654237,modified_craig_sneyd,301,121,400,400.0,0.5,-7.221774623626378e-07,base,combined_grid_convergence,3,nonuniform_sinh,4.0,8.252848982578506,8.252848982578469,1.0,8.245379933161177,0.011813425942173626,8.222226043780486,8.268533822541867,True,0.0004342999242687995,0.000434299924231496,8.160205599997425,0.0010142755452271501
8.24757527298573,modified_craig_sneyd,81,81,240,400.0,0.5,-0.0016318590187496408,base,spot_grid,1,nonuniform_sinh,4.0,8.252848982578506,8.252848982578469,1.0,8.245379933161177,0.011813425942173626,8.222226043780486,8.268533822541867,True,0.005273709592776399,0.005273709592739095,1.4473718000008375,
8.25140040710901,modified_craig_sneyd,161,81,240,400.0,0.5,-6.3330219135851e-05,base,spot_grid,2,nonuniform_sinh,4.0,8.252848982578506,8.252848982578469,1.0,8.245379933161177,0.011813425942173626,8.222226043780486,8.268533822541867,True,0.0014485754694959496,0.0014485754694586461,3.2011331999965478,0.003825134123280449
8.252319276846194,modified_craig_sneyd,301,81,240,400.0,0.5,-1.769327784728364e-06,base,spot_grid,3,nonuniform_sinh,4.0,8.252848982578506,8.252848982578469,1.0,8.245379933161177,0.011813425942173626,8.222226043780486,8.268533822541867,True,0.0005297057323119247,0.0005297057322746213,5.8221772000033525,0.0009188697371840249
8.250818134495534,modified_craig_sneyd,161,41,240,400.0,0.5,-0.00019105015283509837,base,variance_grid,1,nonuniform_sinh,4.0,8.252848982578506,8.252848982578469,1.0,8.245379933161177,0.011813425942173626,8.222226043780486,8.268533822541867,True,0.0020308480829722697,0.002030848082934966,1.161843099995167,
8.25140040710901,modified_craig_sneyd,161,81,240,400.0,0.5,-6.3330219135851e-05,base,variance_grid,2,nonuniform_sinh,4.0,8.252848982578506,8.252848982578469,1.0,8.245379933161177,0.011813425942173626,8.222226043780486,8.268533822541867,True,0.0014485754694959496,0.0014485754694586461,3.001043500000378,0.0005822726134763201
8.2514935832075,modified_craig_sneyd,161,121,240,400.0,0.5,-5.086072564224123e-05,base,variance_grid,3,nonuniform_sinh,4.0,8.252848982578506,8.252848982578469,1.0,8.245379933161177,0.011813425942173626,8.222226043780486,8.268533822541867,True,0.0013553993710058165,0.001355399370968513,4.502615200006403,9.317609849013309e-05
8.251312623866552,modified_craig_sneyd,161,81,80,400.0,0.5,-6.485321769575182e-05,base,time_grid,1,nonuniform_sinh,4.0,8.252848982578506,8.252848982578469,1.0,8.245379933161177,0.011813425942173626,8.222226043780486,8.268533822541867,True,0.0015363587119541222,0.0015363587119168187,2.0096561000027577,
8.251386997860472,modified_craig_sneyd,161,81,160,400.0,0.5,-6.356628847436463e-05,base,time_grid,2,nonuniform_sinh,4.0,8.252848982578506,8.252848982578469,1.0,8.245379933161177,0.011813425942173626,8.222226043780486,8.268533822541867,True,0.0014619847180341594,0.001461984717996856,2.3555091000016546,7.43739939199628e-05
8.251405046693165,modified_craig_sneyd,161,81,320,400.0,0.5,-6.3247945675097e-05,base,time_grid,3,nonuniform_sinh,4.0,8.252848982578506,8.252848982578469,1.0,8.245379933161177,0.011813425942173626,8.222226043780486,8.268533822541867,True,0.0014439358853408635,0.00144393588530356,3.2373649000001024,1.8048832693295935e-05
8.251225059844447,modified_craig_sneyd,161,81,240,300.0,0.375,-2.9527733786540055e-05,base,domain_boundary,1,nonuniform_sinh,3.0,8.252848982578506,8.252848982578469,1.0,8.245379933161177,0.011813425942173626,8.222226043780486,8.268533822541867,True,0.001623922734058425,0.0016239227340211215,3.1405768999975407,
8.25140040710901,modified_craig_sneyd,161,81,240,400.0,0.5,-6.3330219135851e-05,base,domain_boundary,2,nonuniform_sinh,4.0,8.252848982578506,8.252848982578469,1.0,8.245379933161177,0.011813425942173626,8.222226043780486,8.268533822541867,True,0.0014485754694959496,0.0014485754694586461,3.2339769000027445,0.0001753472645624754
8.251273563376078,modified_craig_sneyd,161,81,240,500.0,0.75,-0.00014211515238426341,base,domain_boundary,3,nonuniform_sinh,5.0,8.252848982578506,8.252848982578469,1.0,8.245379933161177,0.011813425942173626,8.222226043780486,8.268533822541867,True,0.0015754192024282077,0.0015754192023909042,2.58271799999784,0.00012684373293225804
8.246944900903678,hundsdorfer_verwer,81,41,120,400.0,0.5,-0.0018927028249598713,base,combined_grid_convergence,1,nonuniform_sinh,4.0,8.252848982578506,8.252848982578469,1.0,8.245379933161177,0.011813425942173626,8.222226043780486,8.268533822541867,True,0.005904081674827921,0.005904081674790618,0.4919120000049588,
8.251405057003579,hundsdorfer_verwer,161,81,240,400.0,0.5,-6.424351348460496e-05,base,combined_grid_convergence,2,nonuniform_sinh,4.0,8.252848982578506,8.252848982578469,1.0,8.245379933161177,0.011813425942173626,8.222226043780486,8.268533822541867,True,0.0014439255749270075,0.001443925574889704,2.246477099994081,0.004460156099900914
8.252416448271772,hundsdorfer_verwer,301,121,400,400.0,0.5,-7.474190924338573e-07,base,combined_grid_convergence,3,nonuniform_sinh,4.0,8.252848982578506,8.252848982578469,1.0,8.245379933161177,0.011813425942173626,8.222226043780486,8.268533822541867,True,0.000432534306733956,0.0004325343066966525,8.521212699997704,0.0010113912681930515
8.247579280406036,hundsdorfer_verwer,81,81,240,400.0,0.5,-0.0016361896455582801,base,spot_grid,1,nonuniform_sinh,4.0,8.252848982578506,8.252848982578469,1.0,8.245379933161177,0.011813425942173626,8.222226043780486,8.268533822541867,True,0.005269702172469692,0.005269702172432389,1.5194556999995257,
8.251405057003579,hundsdorfer_verwer,161,81,240,400.0,0.5,-6.424351348460496e-05,base,spot_grid,2,nonuniform_sinh,4.0,8.252848982578506,8.252848982578469,1.0,8.245379933161177,0.011813425942173626,8.222226043780486,8.268533822541867,True,0.0014439255749270075,0.001443925574889704,2.76058059999923,0.003825776597542685
8.25232405259506,hundsdorfer_verwer,301,81,240,400.0,0.5,-1.933942032401195e-06,base,spot_grid,3,nonuniform_sinh,4.0,8.252848982578506,8.252848982578469,1.0,8.245379933161177,0.011813425942173626,8.222226043780486,8.268533822541867,True,0.0005249299834453325,0.000524929983408029,6.152873599996383,0.000918995591481675
8.250822874528078,hundsdorfer_verwer,161,41,240,400.0,0.5,-0.00019253661917216698,base,variance_grid,1,nonuniform_sinh,4.0,8.252848982578506,8.252848982578469,1.0,8.245379933161177,0.011813425942173626,8.222226043780486,8.268533822541867,True,0.0020261080504280216,0.002026108050390718,1.6042813999956707,
8.251405057003579,hundsdorfer_verwer,161,81,240,400.0,0.5,-6.424351348460496e-05,base,variance_grid,2,nonuniform_sinh,4.0,8.252848982578506,8.252848982578469,1.0,8.245379933161177,0.011813425942173626,8.222226043780486,8.268533822541867,True,0.0014439255749270075,0.001443925574889704,3.7503293999980087,0.0005821824755010141
8.251498205060685,hundsdorfer_verwer,161,121,240,400.0,0.5,-5.177658352609041e-05,base,variance_grid,3,nonuniform_sinh,4.0,8.252848982578506,8.252848982578469,1.0,8.245379933161177,0.011813425942173626,8.222226043780486,8.268533822541867,True,0.0013507775178212,0.0013507775177838965,5.667845200005104,9.314805710580742e-05
8.251349403161056,hundsdorfer_verwer,161,81,80,400.0,0.5,-7.818402677716483e-05,base,time_grid,1,nonuniform_sinh,4.0,8.252848982578506,8.252848982578469,1.0,8.245379933161177,0.011813425942173626,8.222226043780486,8.268533822541867,True,0.0014995794174499366,0.0014995794174126331,2.1958214000042062,
8.251397177060838,hundsdorfer_verwer,161,81,160,400.0,0.5,-6.566383194099088e-05,base,time_grid,2,nonuniform_sinh,4.0,8.252848982578506,8.252848982578469,1.0,8.245379933161177,0.011813425942173626,8.222226043780486,8.268533822541867,True,0.0014518055176679923,0.0014518055176306888,2.695876400000998,4.777389978194435e-05
8.251407671679829,hundsdorfer_verwer,161,81,320,400.0,0.5,-6.375617213041911e-05,base,time_grid,3,nonuniform_sinh,4.0,8.252848982578506,8.252848982578469,1.0,8.245379933161177,0.011813425942173626,8.222226043780486,8.268533822541867,True,0.0014413108986772727,0.0014413108986399692,2.9994206999981543,1.0494618990719573e-05
8.2512300312424,hundsdorfer_verwer,161,81,240,300.0,0.375,-3.051462861704426e-05,base,domain_boundary,1,nonuniform_sinh,3.0,8.252848982578506,8.252848982578469,1.0,8.245379933161177,0.011813425942173626,8.222226043780486,8.268533822541867,True,0.0016189513361055674,0.001618951336068264,2.675490500005253,
8.251405057003579,hundsdorfer_verwer,161,81,240,400.0,0.5,-6.424351348460496e-05,base,domain_boundary,2,nonuniform_sinh,4.0,8.252848982578506,8.252848982578469,1.0,8.245379933161177,0.011813425942173626,8.222226043780486,8.268533822541867,True,0.0014439255749270075,0.001443925574889704,3.040687499997148,0.00017502576117855995
8.251278105532467,hundsdorfer_verwer,161,81,240,500.0,0.75,-0.00014288195574681215,base,domain_boundary,3,nonuniform_sinh,5.0,8.252848982578506,8.252848982578469,1.0,8.245379933161177,0.011813425942173626,8.222226043780486,8.268533822541867,True,0.0015708770460385324,0.001570877046001229,3.052580299998226,0.00012695147111152494
2.2162912675369557,modified_craig_sneyd,81,41,120,440.0,1.5,-0.00248530719033114,feller_violated,combined_grid_convergence,1,nonuniform_sinh,4.0,2.2238802878947546,2.2265660800574225,1.5013698630136987,2.2278441464596828,0.011387377127101974,2.2055252974121875,2.250162995507178,True,0.007589020357798848,0.010274812520466803,0.7448371999998926,
2.2225773426872313,modified_craig_sneyd,161,81,240,440.0,1.5,-0.00022950920588677126,feller_violated,combined_grid_convergence,2,nonuniform_sinh,4.0,2.2238802878947546,2.2265660800574225,1.5013698630136987,2.2278441464596828,0.011387377127101974,2.2055252974121875,2.250162995507178,True,0.0013029452075232761,0.003988737370191231,3.404877100001613,0.006286075150275572
2.222964583574905,modified_craig_sneyd,301,121,400,440.0,1.5,-1.5875974724699378e-05,feller_violated,combined_grid_convergence,3,nonuniform_sinh,4.0,2.2238802878947546,2.2265660800574225,1.5013698630136987,2.2278441464596828,0.011387377127101974,2.2055252974121875,2.250162995507178,True,0.0009157043198495529,0.0036014964825175078,10.162326999998186,0.0003872408876737232
2.2165539691926837,hundsdorfer_verwer,81,41,120,440.0,1.5,-0.00248995589710185,feller_violated,combined_grid_convergence,1,nonuniform_sinh,4.0,2.2238802878947546,2.2265660800574225,1.5013698630136987,2.2278441464596828,0.011387377127101974,2.2055252974121875,2.250162995507178,True,0.0073263187020709,0.010012110864738855,0.7961424999957671,
2.2226586914903796,hundsdorfer_verwer,161,81,240,440.0,1.5,-0.00022979309378065598,feller_violated,combined_grid_convergence,2,nonuniform_sinh,4.0,2.2238802878947546,2.2265660800574225,1.5013698630136987,2.2278441464596828,0.011387377127101974,2.2055252974121875,2.250162995507178,True,0.001221596404374914,0.003907388567042869,2.7540417999989586,0.006104722297695986
2.222996961507103,hundsdorfer_verwer,301,121,400,440.0,1.5,-1.5885986598518548e-05,feller_violated,combined_grid_convergence,3,nonuniform_sinh,4.0,2.2238802878947546,2.2265660800574225,1.5013698630136987,2.2278441464596828,0.011387377127101974,2.2055252974121875,2.250162995507178,True,0.0008833263876515396,0.0035691185503194944,8.455665399997088,0.0003382700167233743
10.687045740563772,modified_craig_sneyd,81,41,120,440.0,1.5,0.0,positive_rho,combined_grid_convergence,1,nonuniform_sinh,4.0,10.87552525018315,10.875525276517719,2.0,10.855559718723153,0.01807801590429384,10.820127458638796,10.890991978807511,False,0.18847950961937876,0.18847953595394706,0.7331866000022274,
10.730896986244183,modified_craig_sneyd,161,81,240,440.0,1.5,0.0,positive_rho,combined_grid_convergence,2,nonuniform_sinh,4.0,10.87552525018315,10.875525276517719,2.0,10.855559718723153,0.01807801590429384,10.820127458638796,10.890991978807511,False,0.14462826393896755,0.14462829027353585,2.906105000001844,0.04385124568041121
10.740908309961409,modified_craig_sneyd,301,121,400,440.0,1.5,0.0,positive_rho,combined_grid_convergence,3,nonuniform_sinh,4.0,10.87552525018315,10.875525276517719,2.0,10.855559718723153,0.01807801590429384,10.820127458638796,10.890991978807511,False,0.13461694022174164,0.13461696655630995,9.008563500006858,0.010011323717225906
10.687356175051114,hundsdorfer_verwer,81,41,120,440.0,1.5,0.0,positive_rho,combined_grid_convergence,1,nonuniform_sinh,4.0,10.87552525018315,10.875525276517719,2.0,10.855559718723153,0.01807801590429384,10.820127458638796,10.890991978807511,False,0.18816907513203596,0.18816910146660426,0.4307074999960605,
10.73096887989658,hundsdorfer_verwer,161,81,240,440.0,1.5,0.0,positive_rho,combined_grid_convergence,2,nonuniform_sinh,4.0,10.87552525018315,10.875525276517719,2.0,10.855559718723153,0.01807801590429384,10.820127458638796,10.890991978807511,False,0.14455637028657087,0.14455639662113917,2.1018905000019004,0.04361270484546509
10.740933287863447,hundsdorfer_verwer,301,121,400,440.0,1.5,0.0,positive_rho,combined_grid_convergence,3,nonuniform_sinh,4.0,10.87552525018315,10.875525276517719,2.0,10.855559718723153,0.01807801590429384,10.820127458638796,10.890991978807511,False,0.13459196231970338,0.1345919886542717,7.2112317999999505,0.009964407966867483
