engine,price,absolute_error_vs_cf
Developer CF,8.252848982579188,0.0
QuantLib analytic Heston,8.252848982578469,7.194245199571014e-13
Independent GPU MC QE,8.25096613114563,0.0018828514335584856
Independent PDE implicit_euler,8.120553560191707,0.1322954223874806
Independent PDE implicit_euler,8.198286473795262,0.05456250878392588
Independent PDE implicit_euler,8.223448414973836,0.029400567605351924
Independent PDE crank_nicolson,8.129506014657396,0.12334296792179167
Independent PDE crank_nicolson,8.20395950777917,0.04888947480001882
Independent PDE crank_nicolson,8.227623678685173,0.025225303894014672
