removed_dimension,recall_change,auprc_change,false_alarm_change,miss_rate_change,full_recall,ablated_recall,interpretation
E_data,0.05319148936170215,0.027508934628642456,-0.008130081300813004,-0.05319148936170215,0.5638297872340425,0.6170212765957447,
E_num,0.042553191489361764,0.021232556573497652,-0.008130081300813004,-0.042553191489361764,0.5638297872340425,0.6063829787234043,
E_cal,0.010638297872340496,-0.006265885707702701,0.0,-0.010638297872340496,0.5638297872340425,0.574468085106383,
E_ident,0.14893617021276595,0.04724717034120729,0.01626016260162602,-0.14893617021276595,0.5638297872340425,0.7127659574468085,
E_param,0.0957446808510638,0.028043992324436107,0.01626016260162602,-0.0957446808510638,0.5638297872340425,0.6595744680851063,
E_form,-0.46808510638297873,-0.5026802644907378,-0.008130081300813004,0.46808510638297873,0.5638297872340425,0.09574468085106383,
E_greek,0.0,0.002428901615484369,0.0,0.0,0.5638297872340425,0.5638297872340425,
E_extra,0.07446808510638303,0.010236620636080329,0.0,-0.07446808510638303,0.5638297872340425,0.6382978723404256,
E_outcome,0.0,0.0,0.0,0.0,0.5638297872340425,0.5638297872340425,
regime_conditioning,0.0,0.0,-0.008130081300813004,0.0,0.5638297872340425,0.5638297872340425,A09 compares V05 global DVE with V06 regime-conditioned DVE
materiality_prioritization,-0.3513297872340425,0.18148460768954933,-0.06097560975609756,0.3513297872340425,0.5638297872340425,0.2125,A11 treats every non-F00 mechanism as positive regardless of materiality
