evidence,material_error,count,mean,median,p90
E_data,False,41,0.6543890765581479,0.29575988317467033,2.1625223308282493
E_data,True,10,0.2632225693618867,0.2422761855642561,0.36091225979816705
E_num,False,41,0.43164982037871574,0.008567728838251767,1.7042116917150631
E_num,True,10,0.1864801844515131,0.007270523060850777,0.19003811517676042
E_cal,False,41,0.1512089500257724,0.09827927730901354,0.13386811151980404
E_cal,True,10,1.1719617780242824,0.11369443757705107,2.1654718260589516
E_ident,False,41,0.2926829268292683,0.0,2.0
E_ident,True,10,0.0,0.0,0.0
E_param,False,41,0.6125399864328688,0.0,4.18568990729127
E_param,True,10,0.0,0.0,0.0
E_form,False,41,1.4618450138390555,0.7517366861685653,3.8697490627048707
E_form,True,10,8.999016277743323,5.088864256166078,21.44232480965317
E_greek,False,41,0.17759364803709754,0.08715813557274285,0.3732649410516003
E_greek,True,10,0.2872941420739353,0.23800483522552107,0.4847240293721269
E_extra,False,41,0.3100097964935131,0.0,1.642857142857143
E_extra,True,10,0.4238095238095239,0.0,1.3785714285714292
E_outcome,False,41,0.0,0.0,0.0
E_outcome,True,10,0.0,0.0,0.0
