value,outcome,count,dimension
F00,TRUE_NEGATIVE,3,fault_id
F01,TRUE_NEGATIVE,3,fault_id
F02,TRUE_NEGATIVE,3,fault_id
F03,TRUE_NEGATIVE,3,fault_id
F04,TRUE_NEGATIVE,2,fault_id
F04,TRUE_POSITIVE,1,fault_id
F05,TRUE_NEGATIVE,3,fault_id
F06,TRUE_NEGATIVE,3,fault_id
F07,FALSE_NEGATIVE,2,fault_id
F07,TRUE_POSITIVE,1,fault_id
F08,FALSE_POSITIVE,1,fault_id
F08,TRUE_NEGATIVE,2,fault_id
F09,TRUE_NEGATIVE,3,fault_id
F10,FALSE_POSITIVE,1,fault_id
F10,TRUE_NEGATIVE,2,fault_id
F11,TRUE_POSITIVE,3,fault_id
F12,FALSE_NEGATIVE,2,fault_id
F12,TRUE_NEGATIVE,1,fault_id
F13,TRUE_NEGATIVE,2,fault_id
F13,TRUE_POSITIVE,1,fault_id
F14,TRUE_NEGATIVE,3,fault_id
F15,FALSE_POSITIVE,1,fault_id
F15,TRUE_NEGATIVE,2,fault_id
F16,FALSE_POSITIVE,3,fault_id
BATES,TRUE_NEGATIVE,3,truth_family
HESTON,FALSE_NEGATIVE,4,truth_family
HESTON,FALSE_POSITIVE,6,truth_family
HESTON,TRUE_NEGATIVE,26,truth_family
HESTON,TRUE_POSITIVE,6,truth_family
LOCALVOL_SSVI,TRUE_NEGATIVE,3,truth_family
PIECEWISE_REGIME,TRUE_NEGATIVE,3,truth_family
MID,FALSE_NEGATIVE,3,moneyness_regime
MID,FALSE_POSITIVE,2,moneyness_regime
MID,TRUE_NEGATIVE,27,moneyness_regime
MID,TRUE_POSITIVE,2,moneyness_regime
WING,FALSE_NEGATIVE,1,moneyness_regime
WING,FALSE_POSITIVE,4,moneyness_regime
WING,TRUE_NEGATIVE,8,moneyness_regime
WING,TRUE_POSITIVE,4,moneyness_regime
LONG,FALSE_NEGATIVE,1,maturity_regime
LONG,FALSE_POSITIVE,5,maturity_regime
LONG,TRUE_NEGATIVE,14,maturity_regime
LONG,TRUE_POSITIVE,5,maturity_regime
SHORT,FALSE_NEGATIVE,3,maturity_regime
SHORT,FALSE_POSITIVE,1,maturity_regime
SHORT,TRUE_NEGATIVE,21,maturity_regime
SHORT,TRUE_POSITIVE,1,maturity_regime
LIQUID,FALSE_NEGATIVE,4,liquidity_regime
LIQUID,FALSE_POSITIVE,4,liquidity_regime
LIQUID,TRUE_NEGATIVE,35,liquidity_regime
LIQUID,TRUE_POSITIVE,5,liquidity_regime
WIDE,FALSE_POSITIVE,2,liquidity_regime
WIDE,TRUE_POSITIVE,1,liquidity_regime
HIGH,FALSE_POSITIVE,4,noise_proxy_regime
HIGH,TRUE_NEGATIVE,12,noise_proxy_regime
HIGH,TRUE_POSITIVE,1,noise_proxy_regime
LOW,FALSE_NEGATIVE,4,noise_proxy_regime
LOW,FALSE_POSITIVE,1,noise_proxy_regime
LOW,TRUE_NEGATIVE,11,noise_proxy_regime
LOW,TRUE_POSITIVE,1,noise_proxy_regime
MEDIUM,FALSE_POSITIVE,1,noise_proxy_regime
MEDIUM,TRUE_NEGATIVE,12,noise_proxy_regime
MEDIUM,TRUE_POSITIVE,4,noise_proxy_regime
