evidence,full_vs_fitonly,count,mean,median,p90
E_data,FULL_EXCESS_FALSE_POSITIVE,5,1.3166234329267201,1.4946389738168,2.3205453335868294
E_data,FULL_LOST_FITONLY_TRUE_POSITIVE,4,0.22442882000562792,0.22696646724059932,0.238626526894462
E_data,FULL_REMOVED_FITONLY_FALSE_POSITIVE,1,0.2398948921694779,0.2398948921694779,0.2398948921694779
E_data,SAME_CLASSIFICATION,41,0.5302792803823743,0.28612813928597786,1.3782573680921317
E_num,FULL_EXCESS_FALSE_POSITIVE,5,0.536511450994901,0.01482756147173414,1.342495116548987
E_num,FULL_LOST_FITONLY_TRUE_POSITIVE,4,0.006568142942244619,0.0075517516339016315,0.008788094962985776
E_num,FULL_REMOVED_FITONLY_FALSE_POSITIVE,1,0.00865701496098497,0.00865701496098497,0.00865701496098497
E_num,SAME_CLASSIFICATION,41,0.4108526253253172,0.007375537843195946,1.8108067171150322
E_cal,FULL_EXCESS_FALSE_POSITIVE,5,0.25087836603965225,0.1188787033779642,0.5851723643890357
E_cal,FULL_LOST_FITONLY_TRUE_POSITIVE,4,0.9104312669619107,0.9159747319129554,1.7387477209958722
E_cal,FULL_REMOVED_FITONLY_FALSE_POSITIVE,1,0.11605971488905073,0.11605971488905073,0.11605971488905073
E_cal,SAME_CLASSIFICATION,41,0.31480507605767166,0.09827927730901354,0.18600958429263315
E_ident,FULL_EXCESS_FALSE_POSITIVE,5,0.8,0.0,2.0
E_ident,FULL_LOST_FITONLY_TRUE_POSITIVE,4,0.0,0.0,0.0
E_ident,FULL_REMOVED_FITONLY_FALSE_POSITIVE,1,0.0,0.0,0.0
E_ident,SAME_CLASSIFICATION,41,0.1951219512195122,0.0,0.0
E_param,FULL_EXCESS_FALSE_POSITIVE,5,1.6742759629165078,0.0,4.18568990729127
E_param,FULL_LOST_FITONLY_TRUE_POSITIVE,4,0.0,0.0,0.0
E_param,FULL_REMOVED_FITONLY_FALSE_POSITIVE,1,0.0,0.0,0.0
E_param,SAME_CLASSIFICATION,41,0.40835999095524583,0.0,0.0
E_form,FULL_EXCESS_FALSE_POSITIVE,5,3.961006890791026,4.533478715224295,6.014150009439923
E_form,FULL_LOST_FITONLY_TRUE_POSITIVE,4,2.1321000650113313,2.2583691746605523,2.4938983547878184
E_form,FULL_REMOVED_FITONLY_FALSE_POSITIVE,1,1.3101017723227815,1.3101017723227815,1.3101017723227815
E_form,SAME_CLASSIFICATION,41,2.9337139477685676,0.7517366861685653,5.2197951727131775
E_greek,FULL_EXCESS_FALSE_POSITIVE,5,0.3890969993737442,0.47144573454157457,0.6548255414994139
E_greek,FULL_LOST_FITONLY_TRUE_POSITIVE,4,0.1650042495698563,0.1871016581684556,0.21436673518420743
E_greek,FULL_REMOVED_FITONLY_FALSE_POSITIVE,1,0.08715813557274285,0.08715813557274285,0.08715813557274285
E_greek,SAME_CLASSIFICATION,41,0.1819907526716942,0.0944265931112892,0.3732649410516003
E_extra,FULL_EXCESS_FALSE_POSITIVE,5,1.0333333333333332,0.0,2.633333333333333
E_extra,FULL_LOST_FITONLY_TRUE_POSITIVE,4,0.5595238095238098,0.4642857142857142,1.1952380952380959
E_extra,FULL_REMOVED_FITONLY_FALSE_POSITIVE,1,0.9285714285714286,0.9285714285714286,0.9285714285714286
E_extra,SAME_CLASSIFICATION,41,0.21012594051209618,0.0,1.2857142857142863
E_outcome,FULL_EXCESS_FALSE_POSITIVE,5,0.0,0.0,0.0
E_outcome,FULL_LOST_FITONLY_TRUE_POSITIVE,4,0.0,0.0,0.0
E_outcome,FULL_REMOVED_FITONLY_FALSE_POSITIVE,1,0.0,0.0,0.0
E_outcome,SAME_CLASSIFICATION,41,0.0,0.0,0.0
