dimension,stratum,baseline,observations,positives,negatives,recall_at_dev_5pct_fpr,locked_false_positive_rate,auprc,auroc,false_alarm_rate,material_risk_miss_rate,material_rate,median_error,median_score
truth_family,BATES,V06,3,1,2,0.0,0.0,1.0,1.0,0.0,1.0,0.3333333333333333,0.1621413657770421,0.1565103089632678
truth_family,HESTON,V06,42,11,31,0.6363636363636364,0.3225806451612903,0.6319674012855832,0.7653958944281525,0.3225806451612903,0.36363636363636365,0.2619047619047619,0.4077333361262663,0.3105453735017604
truth_family,LOCALVOL_SSVI,V06,3,0,3,,0.0,,,0.0,,0.0,0.06369907173592046,0.05274919340572459
truth_family,PIECEWISE_REGIME,V06,3,0,3,,0.0,,,0.0,,0.0,0.21493485023997444,0.04802400274944956
fault_id,F00,V06,3,0,3,,0.3333333333333333,,,0.3333333333333333,,0.0,0.3676342087080209,0.1730730787787148
fault_id,F01,V06,3,1,2,0.0,0.0,1.0,1.0,0.0,1.0,0.3333333333333333,0.1621413657770421,0.1565103089632678
fault_id,F02,V06,3,0,3,,0.0,,,0.0,,0.0,0.06369907173592046,0.05274919340572459
fault_id,F03,V06,3,0,3,,0.0,,,0.0,,0.0,0.21493485023997444,0.04802400274944956
fault_id,F04,V06,3,1,2,0.0,0.5,0.5,0.5,0.5,1.0,0.3333333333333333,0.9011118651960345,0.3147870846633494
fault_id,F05,V06,3,1,2,1.0,0.0,1.0,1.0,0.0,0.0,0.3333333333333333,0.11941137649320098,0.14832517880206603
fault_id,F06,V06,3,0,3,,0.3333333333333333,,,0.3333333333333333,,0.0,0.22204086686801047,0.2987118107665031
fault_id,F07,V06,3,3,0,0.3333333333333333,,1.0,,,0.6666666666666667,1.0,1.840452271703688,0.20289001647809593
fault_id,F08,V06,3,0,3,,0.0,,,0.0,,0.0,0.04271530855743438,0.23234559840796537
fault_id,F09,V06,3,0,3,,0.3333333333333333,,,0.3333333333333333,,0.0,0.09914548135303217,0.23855789011507017
fault_id,F10,V06,3,0,3,,0.3333333333333333,,,0.3333333333333333,,0.0,0.30383889491564603,0.35299163968945674
fault_id,F11,V06,3,3,0,1.0,,1.0,,,0.0,1.0,11.02025227551027,1.5648751835976027
fault_id,F12,V06,3,1,2,1.0,0.0,1.0,1.0,0.0,0.0,0.3333333333333333,0.8411168306676882,0.2514424673482933
fault_id,F13,V06,3,1,2,0.0,0.0,1.0,1.0,0.0,1.0,0.3333333333333333,0.6500887978329978,0.14460332957072133
fault_id,F14,V06,3,1,2,1.0,0.5,1.0,1.0,0.5,0.0,0.3333333333333333,0.16136490948336513,0.525541724719419
fault_id,F15,V06,3,0,3,,0.3333333333333333,,,0.3333333333333333,,0.0,0.10958766885179995,0.24765506929933467
fault_id,F16,V06,3,0,3,,1.0,,,1.0,,0.0,0.6574045928197959,0.5374064989923413
regime,LONG|MID|LIQUID,V06,10,3,7,0.0,0.14285714285714285,0.4206349206349207,0.5714285714285714,0.14285714285714285,1.0,0.3,0.4077333361262663,0.21761780744303066
regime,LONG|WING|LIQUID,V06,14,4,10,0.75,0.5,0.6,0.725,0.5,0.25,0.2857142857142857,0.3975878562335253,0.49037119309216726
regime,LONG|WING|WIDE,V06,3,2,1,1.0,1.0,0.5833333333333333,0.0,1.0,0.0,0.6666666666666666,1.0603984450736341,0.6506942392381135
regime,SHORT|MID|LIQUID,V06,22,3,19,0.6666666666666666,0.15789473684210525,0.7666666666666666,0.8771929824561403,0.15789473684210525,0.33333333333333337,0.13636363636363635,0.23424558077192517,0.22089818316470874
regime,SHORT|MID|WIDE,V06,2,0,2,,0.0,,,0.0,,0.0,0.16059317411052132,0.22937328566920034
liquidity_regime,LIQUID,V06,46,10,36,0.5,0.25,0.6044233716475096,0.7722222222222223,0.25,0.5,0.21739130434782608,0.23576738628462002,0.24310647970720242
liquidity_regime,WIDE,V06,5,2,3,1.0,0.3333333333333333,0.5833333333333333,0.6666666666666666,0.3333333333333333,0.0,0.4,0.22204086686801047,0.6414581008945696
maturity_regime,LONG,V06,27,9,18,0.5555555555555556,0.3888888888888889,0.5203517161850496,0.6666666666666666,0.3888888888888889,0.4444444444444444,0.3333333333333333,0.4478324635445117,0.3543286677226768
maturity_regime,SHORT,V06,24,3,21,0.6666666666666666,0.14285714285714285,0.7575757575757576,0.873015873015873,0.14285714285714285,0.33333333333333337,0.125,0.22803194051842868,0.22089818316470874
