ablation_id,description,baseline,observations,positives,negatives,recall_at_dev_5pct_fpr,locked_false_positive_rate,auprc,auroc,false_alarm_rate,material_risk_miss_rate,recall_change,auprc_change,false_alarm_change,miss_rate_change
A01,remove E_data,V06,48,29,19,0.7586206896551724,0.2631578947368421,0.8991981912345086,0.8457350272232305,0.2631578947368421,0.24137931034482762,0.06896551724137923,0.022875763130429938,0.05263157894736842,-0.06896551724137923
A02,remove E_num,V06,48,29,19,0.896551724137931,0.47368421052631576,0.8801724492528274,0.8348457350272233,0.47368421052631576,0.10344827586206895,0.2068965517241379,0.0038500211487487723,0.2631578947368421,-0.2068965517241379
A03,remove E_cal,V06,48,29,19,0.8275862068965517,0.3684210526315789,0.8829815698565965,0.8239564428312159,0.3684210526315789,0.1724137931034483,0.13793103448275856,0.006659141752517805,0.15789473684210525,-0.13793103448275856
A04,remove E_ident,V06,48,29,19,0.6896551724137931,0.21052631578947367,0.8763224281040787,0.8257713248638838,0.21052631578947367,0.31034482758620685,0.0,0.0,0.0,0.0
A05,remove E_param,V06,48,29,19,0.6896551724137931,0.21052631578947367,0.8763224281040787,0.8257713248638838,0.21052631578947367,0.31034482758620685,0.0,0.0,0.0,0.0
A06,remove E_form,V06,48,29,19,0.2413793103448276,0.15789473684210525,0.7240773924467321,0.5970961887477314,0.15789473684210525,0.7586206896551724,-0.4482758620689655,-0.1522450356573466,-0.05263157894736842,0.4482758620689655
A07,remove E_greek,V06,48,29,19,0.6551724137931034,0.15789473684210525,0.8921528915809214,0.8475499092558983,0.15789473684210525,0.3448275862068966,-0.034482758620689724,0.015830463476842693,-0.05263157894736842,0.034482758620689724
A08,remove E_extra,V06,48,29,19,0.6896551724137931,0.21052631578947367,0.8763224281040787,0.8257713248638838,0.21052631578947367,0.31034482758620685,0.0,0.0,0.0,0.0
A10,remove E_outcome,V06,48,29,19,0.6896551724137931,0.21052631578947367,0.8763224281040787,0.8257713248638838,0.21052631578947367,0.31034482758620685,0.0,0.0,0.0,0.0
A09,remove regime conditioning,V06,48,29,19,0.6896551724137931,0.21052631578947367,0.8763224281040787,0.8257713248638838,0.21052631578947367,0.31034482758620685,0.0,0.0,0.0,0.0
A11,remove economic-materiality prioritization,V06,48,36,12,0.5833333333333334,0.25,0.8876431203210179,0.7199074074074074,0.25,0.41666666666666663,-0.10632183908045978,0.01132069221693921,0.03947368421052633,0.10632183908045978
