partition,baseline,observations,positives,negatives,recall,false_positive_rate,material_risk_miss_rate,auroc,auprc,recall_ci_low,recall_ci_high,fpr_ci_low,fpr_ci_high
LOCKED_TEST,FitOnly,34,5,29,1.0,0.10344827586206896,0.0,1.0,1.0,1.0,1.0,0.0,0.2259946236559138
LOCKED_TEST,ChallengerOnly,34,5,29,1.0,0.10344827586206896,0.0,1.0,1.0,1.0,1.0,0.0,0.21883680555555549
LOCKED_TEST,BootstrapOnly,34,5,29,0.4,0.034482758620689655,0.6,0.7862068965517242,0.5970760233918129,0.0,1.0,0.0,0.10714285714285714
LOCKED_TEST,NumericalOnly,34,5,29,0.0,0.034482758620689655,1.0,0.25517241379310346,0.1167365424430642,0.0,0.0,0.0,0.1111111111111111
LOCKED_TEST,NonRegimeDVE,34,5,29,0.2,0.06896551724137931,0.8,0.9379310344827586,0.6783333333333333,0.0,0.6666666666666666,0.0,0.17857142857142858
LOCKED_TEST,FullV1_1DVE,34,5,29,1.0,0.06896551724137931,0.0,1.0,1.0,1.0,1.0,0.0,0.1724137931034483
OOD_LOCKED_TEST,FitOnly,17,4,13,1.0,0.15384615384615385,0.0,1.0,1.0,1.0,1.0,0.0,0.36363636363636365
OOD_LOCKED_TEST,ChallengerOnly,17,4,13,1.0,0.5384615384615384,0.0,0.8076923076923077,0.7048611111111112,1.0,1.0,0.2727272727272727,0.8
OOD_LOCKED_TEST,BootstrapOnly,17,4,13,0.25,0.07692307692307693,0.75,0.5,0.4665158371040724,0.0,0.8791666666666629,0.0,0.2504166666666663
OOD_LOCKED_TEST,NumericalOnly,17,4,13,0.0,0.15384615384615385,1.0,0.25,0.19315476190476188,0.0,0.0,0.0,0.36363636363636365
OOD_LOCKED_TEST,NonRegimeDVE,17,4,13,0.5,0.38461538461538464,0.5,0.7307692307692307,0.5909090909090908,0.0,1.0,0.14285714285714285,0.6428571428571429
OOD_LOCKED_TEST,FullV1_1DVE,17,4,13,1.0,0.6153846153846154,0.0,0.7307692307692307,0.5909090909090908,1.0,1.0,0.3333333333333333,0.8666666666666667
COMBINED,FitOnly,51,9,42,1.0,0.11904761904761904,0.0,1.0,1.0,1.0,1.0,0.024390243902439025,0.225
COMBINED,ChallengerOnly,51,9,42,1.0,0.23809523809523808,0.0,0.9391534391534392,0.7752784252784254,1.0,1.0,0.11357323232323233,0.3673737916219119
COMBINED,BootstrapOnly,51,9,42,0.3333333333333333,0.047619047619047616,0.6666666666666667,0.6640211640211641,0.5341212271596829,0.0,0.6666666666666666,0.0,0.11904761904761904
COMBINED,NumericalOnly,51,9,42,0.0,0.07142857142857142,1.0,0.23015873015873015,0.12407673702468587,0.0,0.0,0.0,0.16675531914893607
COMBINED,NonRegimeDVE,51,9,42,0.3333333333333333,0.16666666666666666,0.6666666666666667,0.8571428571428571,0.5508317299983967,0.0,0.6666666666666666,0.052597840755735495,0.29550061425061425
COMBINED,FullV1_1DVE,51,9,42,1.0,0.23809523809523808,0.0,0.9365079365079365,0.7519179894179895,1.0,1.0,0.10810810810810811,0.36585365853658536
