fault_id,baseline,observations,positives,negatives,recall_at_dev_5pct_fpr,locked_false_positive_rate,auprc,auroc,false_alarm_rate,material_risk_miss_rate
F00,V00,3,0,3,,0.0,,,0.0,
F00,V01,3,0,3,,0.0,,,0.0,
F00,V02,3,0,3,,0.3333333333333333,,,0.3333333333333333,
F00,V03,3,0,3,,0.0,,,0.0,
F00,V04,3,0,3,,0.0,,,0.0,
F00,V05,3,0,3,,0.0,,,0.0,
F00,V06,3,0,3,,0.0,,,0.0,
F01,V00,3,2,1,1.0,0.0,1.0,1.0,0.0,0.0
F01,V01,3,2,1,0.0,0.0,0.6666666666666666,0.5,0.0,1.0
F01,V02,3,2,1,1.0,1.0,1.0,1.0,1.0,0.0
F01,V03,3,2,1,0.0,0.0,1.0,1.0,0.0,1.0
F01,V04,3,2,1,0.0,0.0,1.0,1.0,0.0,1.0
F01,V05,3,2,1,0.5,0.0,0.8333333333333333,0.5,0.0,0.5
F01,V06,3,2,1,0.5,0.0,0.8333333333333333,0.5,0.0,0.5
F02,V00,3,3,0,0.6666666666666666,,1.0,,,0.33333333333333337
F02,V01,3,3,0,0.0,,1.0,,,1.0
F02,V02,3,3,0,0.6666666666666666,,1.0,,,0.33333333333333337
F02,V03,3,3,0,0.0,,1.0,,,1.0
F02,V04,3,3,0,0.0,,1.0,,,1.0
F02,V05,3,3,0,0.3333333333333333,,1.0,,,0.6666666666666667
F02,V06,3,3,0,0.3333333333333333,,1.0,,,0.6666666666666667
F03,V00,3,3,0,1.0,,1.0,,,0.0
F03,V01,3,3,0,0.0,,1.0,,,1.0
F03,V02,3,3,0,1.0,,1.0,,,0.0
F03,V03,3,3,0,0.0,,1.0,,,1.0
F03,V04,3,3,0,0.0,,1.0,,,1.0
F03,V05,3,3,0,0.3333333333333333,,1.0,,,0.6666666666666667
F03,V06,3,3,0,0.3333333333333333,,1.0,,,0.6666666666666667
F04,V00,3,0,3,,0.3333333333333333,,,0.3333333333333333,
F04,V01,3,0,3,,0.0,,,0.0,
F04,V02,3,0,3,,0.3333333333333333,,,0.3333333333333333,
F04,V03,3,0,3,,0.0,,,0.0,
F04,V04,3,0,3,,0.0,,,0.0,
F04,V05,3,0,3,,0.3333333333333333,,,0.3333333333333333,
F04,V06,3,0,3,,0.3333333333333333,,,0.3333333333333333,
F05,V00,3,0,3,,0.0,,,0.0,
F05,V01,3,0,3,,0.0,,,0.0,
F05,V02,3,0,3,,0.3333333333333333,,,0.3333333333333333,
F05,V03,3,0,3,,0.0,,,0.0,
F05,V04,3,0,3,,0.3333333333333333,,,0.3333333333333333,
F05,V05,3,0,3,,0.3333333333333333,,,0.3333333333333333,
F05,V06,3,0,3,,0.3333333333333333,,,0.3333333333333333,
F06,V00,3,0,3,,0.0,,,0.0,
F06,V01,3,0,3,,0.0,,,0.0,
F06,V02,3,0,3,,0.3333333333333333,,,0.3333333333333333,
F06,V03,3,0,3,,0.0,,,0.0,
F06,V04,3,0,3,,1.0,,,1.0,
F06,V05,3,0,3,,0.3333333333333333,,,0.3333333333333333,
F06,V06,3,0,3,,0.3333333333333333,,,0.3333333333333333,
F07,V00,3,3,0,1.0,,1.0,,,0.0
F07,V01,3,3,0,0.0,,1.0,,,1.0
F07,V02,3,3,0,0.6666666666666666,,1.0,,,0.33333333333333337
F07,V03,3,3,0,1.0,,1.0,,,0.0
F07,V04,3,3,0,0.0,,1.0,,,1.0
F07,V05,3,3,0,0.3333333333333333,,1.0,,,0.6666666666666667
F07,V06,3,3,0,0.3333333333333333,,1.0,,,0.6666666666666667
F08,V00,3,0,3,,0.0,,,0.0,
F08,V01,3,0,3,,0.0,,,0.0,
F08,V02,3,0,3,,0.3333333333333333,,,0.3333333333333333,
F08,V03,3,0,3,,1.0,,,1.0,
F08,V04,3,0,3,,0.0,,,0.0,
F08,V05,3,0,3,,0.3333333333333333,,,0.3333333333333333,
F08,V06,3,0,3,,1.0,,,1.0,
F09,V00,3,0,3,,0.0,,,0.0,
F09,V01,3,0,3,,0.0,,,0.0,
F09,V02,3,0,3,,0.0,,,0.0,
F09,V03,3,0,3,,0.0,,,0.0,
F09,V04,3,0,3,,0.0,,,0.0,
F09,V05,3,0,3,,0.0,,,0.0,
F09,V06,3,0,3,,0.0,,,0.0,
F10,V00,3,0,3,,0.0,,,0.0,
F10,V01,3,0,3,,0.0,,,0.0,
F10,V02,3,0,3,,0.3333333333333333,,,0.3333333333333333,
F10,V03,3,0,3,,0.0,,,0.0,
F10,V04,3,0,3,,0.0,,,0.0,
F10,V05,3,0,3,,0.0,,,0.0,
F10,V06,3,0,3,,0.0,,,0.0,
F11,V00,3,3,0,1.0,,1.0,,,0.0
F11,V01,3,3,0,0.0,,1.0,,,1.0
F11,V02,3,3,0,1.0,,1.0,,,0.0
F11,V03,3,3,0,0.0,,1.0,,,1.0
F11,V04,3,3,0,0.0,,1.0,,,1.0
F11,V05,3,3,0,1.0,,1.0,,,0.0
F11,V06,3,3,0,1.0,,1.0,,,0.0
F12,V00,3,1,2,1.0,0.5,1.0,1.0,0.5,0.0
F12,V01,3,1,2,0.0,0.0,0.3333333333333333,0.5,0.0,1.0
F12,V02,3,1,2,1.0,0.5,1.0,1.0,0.5,0.0
F12,V03,3,1,2,0.0,0.0,0.3333333333333333,0.0,0.0,1.0
F12,V04,3,1,2,0.0,0.0,0.3333333333333333,0.0,0.0,1.0
F12,V05,3,1,2,0.0,0.0,1.0,1.0,0.0,1.0
F12,V06,3,1,2,0.0,0.0,1.0,1.0,0.0,1.0
F13,V00,3,1,2,1.0,0.0,1.0,1.0,0.0,0.0
F13,V01,3,1,2,0.0,0.0,0.3333333333333333,0.5,0.0,1.0
F13,V02,3,1,2,1.0,0.0,1.0,1.0,0.0,0.0
F13,V03,3,1,2,0.0,0.0,0.5,0.5,0.0,1.0
F13,V04,3,1,2,0.0,0.0,0.3333333333333333,0.0,0.0,1.0
F13,V05,3,1,2,1.0,0.0,1.0,1.0,0.0,0.0
F13,V06,3,1,2,1.0,0.0,1.0,1.0,0.0,0.0
F14,V00,3,0,3,,0.0,,,0.0,
F14,V01,3,0,3,,0.0,,,0.0,
F14,V02,3,0,3,,0.3333333333333333,,,0.3333333333333333,
F14,V03,3,0,3,,0.0,,,0.0,
F14,V04,3,0,3,,0.0,,,0.0,
F14,V05,3,0,3,,0.3333333333333333,,,0.3333333333333333,
F14,V06,3,0,3,,0.3333333333333333,,,0.3333333333333333,
F15,V00,3,0,3,,0.0,,,0.0,
F15,V01,3,0,3,,0.0,,,0.0,
F15,V02,3,0,3,,0.3333333333333333,,,0.3333333333333333,
F15,V03,3,0,3,,0.0,,,0.0,
F15,V04,3,0,3,,0.0,,,0.0,
F15,V05,3,0,3,,0.3333333333333333,,,0.3333333333333333,
F15,V06,3,0,3,,0.3333333333333333,,,0.3333333333333333,
F16,V00,3,0,3,,0.3333333333333333,,,0.3333333333333333,
F16,V01,3,0,3,,0.0,,,0.0,
F16,V02,3,0,3,,0.6666666666666666,,,0.6666666666666666,
F16,V03,3,0,3,,0.0,,,0.0,
F16,V04,3,0,3,,0.0,,,0.0,
F16,V05,3,0,3,,0.6666666666666666,,,0.6666666666666666,
F16,V06,3,0,3,,0.6666666666666666,,,0.6666666666666666,
