date,rows_total,rows_included,rows_excluded,monotonicity_flags,convexity_flags,extreme_spread_flags
2022-07-01,19552,18530,1022,3236,3732,92
2022-07-05,19692,18641,1051,3248,5688,113
2022-07-06,19460,18405,1055,3052,3607,71
2022-07-07,19338,18354,984,3158,3516,95
2022-07-08,19572,18422,1150,3156,3957,109
2022-07-11,19316,18163,1153,3051,4558,84
2022-07-12,19378,18284,1094,3036,3651,76
2022-07-13,19283,18075,1208,3053,3515,62
2022-07-14,19842,18512,1330,3458,3645,115
2022-07-15,19988,18567,1421,3434,3614,84
2022-07-18,18596,17736,860,3094,3395,99
2022-07-19,18672,17841,831,3118,4085,108
2022-07-20,18606,17746,860,2962,3240,92
2022-07-21,19120,18222,898,2988,3791,60
2022-07-22,19388,18408,980,2992,3890,88
2022-07-25,19130,18137,993,3106,3949,62
2022-07-26,19086,18088,998,3075,6639,205
2022-07-27,18940,17974,966,3116,4781,82
2022-07-28,19194,18176,1018,3070,5291,77
2022-07-29,19036,17938,1098,3082,4468,68
2022-08-01,19546,18676,870,3100,4073,49
2022-08-02,19474,18556,918,3102,4363,41
2022-08-03,19288,18315,973,3070,4030,49
2022-08-04,19418,18361,1057,3060,3970,51
2022-08-05,19314,18283,1031,3093,3842,48
2022-08-08,19080,18064,1016,3076,3912,39
2022-08-09,19056,18051,1005,3099,3841,44
2022-08-10,18866,17852,1014,3009,4653,49
2022-08-11,19130,18076,1054,3076,3595,55
2022-08-12,18976,17890,1086,2988,4476,76
2022-08-15,19392,18260,1132,3010,4095,32
2022-08-16,19674,18445,1229,3066,4442,37
2022-08-17,19664,18331,1333,3056,4528,49
2022-08-18,19908,18533,1375,3438,4494,35
2022-08-19,19742,18207,1535,3428,4163,65
2022-08-22,18194,17265,929,2904,3810,59
2022-08-23,18726,17762,964,2980,4088,59
2022-08-24,18564,17437,1127,2944,3770,35
2022-08-25,18628,17518,1110,2895,3552,35
2022-08-26,18654,17565,1089,2996,5102,83
2022-08-29,18760,17651,1109,2976,3930,34
2022-08-30,18860,17663,1197,2917,4004,63
2022-08-31,18992,17721,1271,2947,3805,53
2022-09-01,19012,17895,1117,2965,3532,55
2022-09-02,19168,17929,1239,2884,4350,81
2022-09-06,18916,17737,1179,2890,4292,53
2022-09-07,19120,18029,1091,2843,4522,27
2022-09-08,19164,17990,1174,2836,5251,37
2022-09-09,19204,18059,1145,2950,4569,55
2022-09-12,19228,18219,1009,2872,4136,40
2022-09-13,19354,18297,1057,2913,4568,84
2022-09-14,19382,18150,1232,2839,4388,42
2022-09-15,19930,18570,1360,3249,3884,84
2022-09-16,19860,18423,1437,3208,4116,106
2022-09-19,19625,18646,979,2832,4145,55
2022-09-20,19594,18600,994,2760,4479,92
2022-09-21,19480,18476,1004,2818,4403,122
2022-09-22,20096,18867,1229,2900,4635,80
2022-09-23,20176,18946,1230,2834,5768,179
2022-09-26,20734,19557,1177,2850,6280,136
2022-09-27,21048,19843,1205,3060,4694,138
2022-09-28,21390,20311,1079,3114,4200,87
2022-09-29,21072,19869,1203,3048,4650,134
2022-09-30,20938,19599,1339,3068,4411,224
2022-10-03,20986,19974,1012,3185,5444,67
2022-10-04,20748,19968,780,3008,4892,55
2022-10-05,20998,20050,948,3062,5375,57
2022-10-06,20798,19852,946,3134,5258,82
2022-10-07,20670,19602,1068,3114,4450,68
2022-10-10,20500,19453,1047,3121,4076,57
2022-10-11,20392,19476,916,3112,5298,58
2022-10-12,20456,19526,930,3178,4144,82
2022-10-13,20362,19538,824,3204,4693,71
2022-10-14,20398,19415,983,3055,4599,37
2022-10-17,20102,19212,890,3032,4606,38
2022-10-18,20006,19031,975,3034,6405,58
2022-10-19,19862,18761,1101,3013,5022,117
2022-10-20,20442,19152,1290,3399,4164,36
2022-10-21,20352,19147,1205,3397,4317,103
2022-10-24,19244,18518,726,2952,4462,39
2022-10-25,19736,18875,861,2954,5118,90
2022-10-26,20078,19065,1013,2930,6858,110
2022-10-27,20037,18990,1047,2990,5357,115
2022-10-28,19958,18918,1040,2944,4637,51
2022-10-31,20030,18972,1058,2954,4720,64
2022-11-01,19786,18947,839,2969,4784,40
2022-11-02,19764,18861,903,2863,4875,101
2022-11-03,19692,18666,1026,2816,4290,75
2022-11-04,19724,18708,1016,2814,4967,78
2022-11-07,19470,18498,972,2898,4052,59
2022-11-08,19354,18428,926,2930,4529,77
2022-11-09,19338,18378,960,2923,4067,76
2022-11-10,19244,18294,950,2904,5241,97
2022-11-11,19876,18898,978,2894,5628,66
2022-11-14,19592,18471,1121,2818,4528,65
2022-11-15,19954,18899,1055,2892,5199,99
2022-11-16,19894,18674,1220,2807,4577,66
2022-11-17,20160,18841,1319,3180,4635,47
2022-11-18,20002,18634,1368,3082,4515,97
2022-11-21,19088,18023,1065,2872,4845,40
2022-11-22,19224,18192,1032,2816,4591,28
2022-11-23,19226,18127,1099,2792,4843,46
2022-11-25,19416,18144,1272,3097,6854,268
2022-11-28,19082,17921,1161,2800,3837,31
2022-11-29,19128,17930,1198,2802,3890,40
2022-11-30,19140,18022,1118,2882,4594,65
2022-12-01,19692,18680,1012,2708,4961,40
2022-12-02,19586,18540,1046,2812,4770,43
2022-12-05,19402,18373,1029,2796,4630,43
2022-12-06,19350,18360,990,2852,4809,49
2022-12-07,19186,18174,1012,2827,4432,45
2022-12-08,19436,18402,1034,2798,4192,41
2022-12-09,19306,18271,1035,2639,3961,56
2022-12-12,19156,18286,870,2838,4558,43
2022-12-13,19104,18122,982,2793,4947,90
2022-12-14,18938,17815,1123,2725,4886,109
2022-12-15,19580,18365,1215,3081,4788,72
2022-12-16,19978,18569,1409,3093,5222,115
2022-12-19,19024,18127,897,2442,4902,50
2022-12-20,19334,18409,925,2678,4095,43
2022-12-21,19324,18361,963,2672,4626,46
2022-12-22,19106,18194,912,2754,4794,78
2022-12-23,19298,18255,1043,2670,4416,51
2022-12-27,18996,17966,1030,2630,3807,32
2022-12-28,18830,17720,1110,2662,4213,63
2022-12-29,18526,17445,1081,2572,3889,35
2022-12-30,18440,17307,1133,2652,3807,59
