quote_date,settlement_class,raw_quotes,usable_quotes,liquid_quotes,narrow_spread_quotes,near_expiry_0_to_7d_quotes,zero_dte_quotes,median_relative_spread,near_expiry_median_relative_spread,near_expiry_median_iv,timestamp_coverage
2022-07-01,AM,6858,6858,5590,6188,0,0,0.011060457598806743,,,0.0
2022-07-01,PM,11672,11672,8975,10629,1485,256,0.012168538861946743,0.026456918126564095,0.220273,0.0
2022-07-05,AM,6901,6901,5595,6074,0,0,0.013902681231380418,,,0.0
2022-07-05,PM,11740,11740,8908,10754,1521,194,0.012560545132401974,0.025367425005033264,0.2894055,0.0
2022-07-06,AM,6898,6898,5629,6123,0,0,0.012345044011882092,,,0.0
2022-07-06,PM,11507,11507,8826,10552,1460,191,0.012341669373173146,0.017664444887451988,0.263172,0.0
2022-07-07,AM,6894,6894,5643,6152,0,0,0.010544501379544973,,,0.0
2022-07-07,PM,11460,11460,8808,10552,1332,113,0.009661835748792282,0.016079942462765104,0.270785,0.0
2022-07-08,AM,6854,6854,5629,6166,637,0,0.009809919628627229,0.02155071445303347,0.3045185,0.0
2022-07-08,PM,11568,11568,8800,10455,1769,245,0.01053165257526023,0.022906227630636995,0.2448265,0.0
2022-07-11,AM,6805,6805,5609,6073,601,0,0.00970873786407771,0.020578420467185856,0.31523,0.0
2022-07-11,PM,11358,11358,8723,10420,1593,154,0.009339245833154165,0.018669778296382663,0.2870915,0.0
2022-07-12,AM,6806,6806,5623,6049,613,0,0.010539427425434122,0.025560538116591876,0.42423,0.0
2022-07-12,PM,11478,11478,8798,10561,1590,123,0.010781080550810639,0.017802721837056695,0.344973,0.0
2022-07-13,AM,6697,6697,5599,6003,558,0,0.010859728506787228,0.02087757392774975,0.4746555,0.0
2022-07-13,PM,11378,11378,8886,10436,1555,145,0.01127217383405386,0.015503875968992192,0.278562,0.0
2022-07-14,AM,6818,6818,5527,6105,494,0,0.01134833193120836,0.03749008162954752,,0.0
2022-07-14,PM,11694,11694,8885,10671,1499,117,0.010843543216696392,0.018143332325370427,0.244445,0.0
2022-07-15,AM,6820,6820,5555,6115,477,477,0.011018873558805342,0.05210863325237352,,0.0
2022-07-15,PM,11747,11747,8868,10694,1720,390,0.010986136541982855,0.02661247424157925,0.2071295,0.0
2022-07-18,AM,6375,6375,5182,5777,0,0,0.010872378980067422,,,0.0
2022-07-18,PM,11361,11361,8691,10336,1445,133,0.01113251980304001,0.021394319439321324,0.25280800000000003,0.0
2022-07-19,AM,6395,6395,5215,5776,0,0,0.012095870977376274,,,0.0
2022-07-19,PM,11446,11446,8765,10465,1449,146,0.011223860684960677,0.018730489073881345,0.281134,0.0
2022-07-20,AM,6377,6377,5235,5711,0,0,0.01274658573596372,,,0.0
2022-07-20,PM,11369,11369,8810,10340,1457,135,0.012079378774805792,0.020066889632106955,0.259524,0.0
2022-07-21,AM,6555,6555,5259,5975,0,0,0.011142061281337006,,,0.0
2022-07-21,PM,11667,11667,8924,10765,1493,158,0.011305930823033397,0.018861569552037608,0.259046,0.0
2022-07-22,AM,6560,6560,5266,5891,0,0,0.011941347005751087,,,0.0
2022-07-22,PM,11848,11848,9026,10814,1874,220,0.012972255630635737,0.02427706910161078,0.237182,0.0
2022-07-25,AM,6542,6542,5270,5865,0,0,0.01131804923000734,,,0.0
2022-07-25,PM,11595,11595,8865,10601,1729,143,0.012824623276691248,0.01724137931034477,0.28361400000000003,0.0
2022-07-26,AM,6510,6510,5280,5394,0,0,0.02677988499491807,,,0.0
2022-07-26,PM,11578,11578,8858,10491,1750,155,0.020001587553579975,0.02885630967433525,0.32028,0.0
2022-07-27,AM,6565,6565,5341,5788,0,0,0.015545792497465245,,,0.0
2022-07-27,PM,11409,11409,8817,10295,1659,143,0.01574803149606308,0.021930501930502,0.276369,0.0
2022-07-28,AM,6568,6568,5363,5835,0,0,0.017997728276067666,,,0.0
2022-07-28,PM,11608,11608,8986,10663,1637,161,0.017395712051002273,0.03041674896306533,0.263289,0.0
2022-07-29,AM,6550,6550,5362,5899,0,0,0.01367415127514562,,,0.0
2022-07-29,PM,11388,11388,8969,10211,1707,387,0.012738853503184763,0.03206997084548109,0.253641,0.0
2022-08-01,AM,6586,6586,5374,5932,0,0,0.01245053377233987,,,0.0
2022-08-01,PM,12090,12090,9205,11073,1724,164,0.01132656523985703,0.0224237230964557,0.250857,0.0
2022-08-02,AM,6574,6574,5387,5979,0,0,0.012024048096192412,,,0.0
2022-08-02,PM,11982,11982,9132,11007,1699,168,0.010662670834573947,0.020667257159728374,0.271717,0.0
2022-08-03,AM,6568,6568,5413,5896,0,0,0.011405938434731897,,,0.0
2022-08-03,PM,11747,11747,9125,10661,1627,163,0.010152284263959416,0.01676337846550615,0.238398,0.0
2022-08-04,AM,6567,6567,5436,5822,0,0,0.013154910410523954,,,0.0
2022-08-04,PM,11794,11794,9054,10674,1611,166,0.010200106570973644,0.02169907881269196,0.22082649999999998,0.0
2022-08-05,AM,6624,6624,5435,5878,0,0,0.01173681800654262,,,0.0
2022-08-05,PM,11659,11659,9089,10602,1786,239,0.010887573964497185,0.02651947472528335,0.215607,0.0
2022-08-08,AM,6620,6620,5447,5914,0,0,0.011355232768863006,,,0.0
2022-08-08,PM,11444,11444,8991,10381,1627,170,0.010691824956669564,0.020640381053188706,0.2381895,0.0
2022-08-09,AM,6609,6609,5448,5878,0,0,0.011113580795732384,,,0.0
2022-08-09,PM,11442,11442,8905,10454,1571,163,0.009661835748792294,0.018957345971563913,0.26722199999999996,0.0
2022-08-10,AM,6617,6617,5486,5828,0,0,0.013109596224436288,,,0.0
2022-08-10,PM,11235,11235,8884,10154,1506,152,0.012987012987012941,0.029009954804505453,0.220833,0.0
2022-08-11,AM,6650,6650,5499,5930,0,0,0.01266787359761748,,,0.0
2022-08-11,PM,11426,11426,8994,10314,1503,158,0.010032845661341012,0.021905077995353545,0.209902,0.0
2022-08-12,AM,6630,6630,5497,5856,679,0,0.011893435496925784,0.022500803600128575,0.256778,0.0
2022-08-12,PM,11260,11260,8951,9996,1866,241,0.012025839522724908,0.026165555282361325,0.2589615,0.0
2022-08-15,AM,6640,6640,5490,5928,625,0,0.009909211086954068,0.018247646632874596,0.355757,0.0
2022-08-15,PM,11620,11620,9108,10401,1837,171,0.009900990099009865,0.02047781569965875,0.2673445,0.0
2022-08-16,AM,6636,6636,5484,5963,591,0,0.01072362494200115,0.021341463414634148,0.3274095,0.0
2022-08-16,PM,11809,11809,9189,10604,1845,156,0.011340440009072352,0.02312326982576135,0.229115,0.0
2022-08-17,AM,6576,6576,5456,5966,542,0,0.014035087719298196,0.02139673294461007,0.416338,0.0
2022-08-17,PM,11755,11755,9157,10534,1822,180,0.01058775621012633,0.020085211841862193,0.21361999999999998,0.0
2022-08-18,AM,6543,6543,5428,5969,514,0,0.012077377093923812,0.03870419052181981,,0.0
2022-08-18,PM,11990,11990,9071,10820,1748,153,0.010695187165775362,0.022983614575690786,0.180684,0.0
2022-08-19,AM,6517,6517,5415,5878,492,492,0.011782032400589058,0.049741966769015704,,0.0
2022-08-19,PM,11690,11690,8958,10634,1832,393,0.010273620778460484,0.027858470990864782,0.17968,0.0
2022-08-22,AM,6021,6021,5009,5550,0,0,0.009676118801236453,,,0.0
2022-08-22,PM,11244,11244,8764,10193,1599,161,0.009438370975536004,0.019900497512437783,0.233652,0.0
2022-08-23,AM,6212,6212,5045,5683,0,0,0.009411764705882376,,,0.0
2022-08-23,PM,11550,11550,8820,10536,1627,157,0.009917355371900732,0.020147750167897917,0.23768499999999998,0.0
2022-08-24,AM,6202,6202,5072,5706,0,0,0.009182400523739812,,,0.0
2022-08-24,PM,11235,11235,8627,10291,1873,159,0.009144701452393699,0.016854825886468472,0.237121,0.0
2022-08-25,AM,6200,6200,5086,5708,0,0,0.009582987908028267,,,0.0
2022-08-25,PM,11318,11318,8610,10397,1851,160,0.009136593957910747,0.01806734191075834,0.2499555,0.0
2022-08-26,AM,6198,6198,5093,5593,0,0,0.012711864406779716,,,0.0
2022-08-26,PM,11367,11367,8783,10327,2044,254,0.012954658694568981,0.02839516301900881,0.25156,0.0
2022-08-29,AM,6216,6216,5140,5698,0,0,0.009254034374437729,,,0.0
2022-08-29,PM,11435,11435,8807,10394,1613,158,0.009509159558103698,0.016026992830029493,0.284394,0.0
2022-08-30,AM,6212,6212,5160,5659,0,0,0.010882139617140772,,,0.0
2022-08-30,PM,11451,11451,8850,10446,1571,173,0.010750175274596789,0.015345268542199527,0.272769,0.0
2022-08-31,AM,6210,6210,5156,5685,0,0,0.010511296042786795,,,0.0
2022-08-31,PM,11511,11511,8870,10488,1574,357,0.010958134307389813,0.02055482623857472,0.256235,0.0
2022-09-01,AM,6214,6214,5171,5650,0,0,0.01028395296749891,,,0.0
2022-09-01,PM,11681,11681,8886,10773,1385,182,0.009478672985781991,0.020075282308657395,0.2189605,0.0
2022-09-02,AM,6200,6200,5164,5566,0,0,0.01224097237652319,,,0.0
2022-09-02,PM,11729,11729,8907,10709,1479,245,0.011470985155195797,0.028169014084507067,0.215275,0.0
2022-09-06,AM,6197,6197,5183,5602,0,0,0.010522360015031984,,,0.0
2022-09-06,PM,11540,11540,8928,10537,1629,177,0.01060899735613783,0.015810276679841934,0.267615,0.0
2022-09-07,AM,6215,6215,5204,5603,0,0,0.010635320458998074,,,0.0
2022-09-07,PM,11814,11814,9039,10832,1740,176,0.010244432462962038,0.017094017094017186,0.25270499999999996,0.0
2022-09-08,AM,6194,6194,5192,5597,0,0,0.01128897655976457,,,0.0
2022-09-08,PM,11796,11796,8975,10855,1622,172,0.011363636363636322,0.017432745104810562,0.238678,0.0
2022-09-09,AM,6308,6308,5209,5712,656,0,0.009782988484793292,0.01884108525868182,0.30171349999999997,0.0
2022-09-09,PM,11751,11751,9047,10790,2039,240,0.01125455147302229,0.025316455696202556,0.25030450000000004,0.0
2022-09-12,AM,6343,6343,5270,5713,659,0,0.010081915563957117,0.01770461251747162,0.359791,0.0
2022-09-12,PM,11876,11876,9147,10906,2013,181,0.01016773492816066,0.014609203798392987,0.326295,0.0
2022-09-13,AM,6332,6332,5311,5516,661,0,0.013483480881884665,0.021452348662310418,0.5870815,0.0
2022-09-13,PM,11965,11965,9193,11040,1977,165,0.012555391432791644,0.02295746117488187,0.310067,0.0
2022-09-14,AM,6255,6255,5249,5695,582,0,0.009890440151908368,0.016934736446931525,0.687093,0.0
2022-09-14,PM,11895,11895,9170,11000,1933,189,0.011029222285213674,0.014898900319262111,0.277097,0.0
2022-09-15,AM,6391,6391,5188,5753,505,0,0.01292705447830107,0.04558139534883726,,0.0
2022-09-15,PM,12179,12179,9110,11229,1820,160,0.012273011897307394,0.019706492524348272,0.26090749999999996,0.0
2022-09-16,AM,6390,6390,5211,5711,503,503,0.010649425607428266,0.030882128114967197,,0.0
2022-09-16,PM,12033,12033,9210,11063,1911,405,0.011350737797956869,0.0227416298168035,0.2608655,0.0
2022-09-19,AM,6308,6308,4866,5792,0,0,0.011284248676016417,,,0.0
2022-09-19,PM,12338,12338,9113,11374,1748,180,0.011615453173249642,0.01869618809331068,0.3270735,0.0
2022-09-20,AM,6300,6300,4923,5763,0,0,0.01042772781842789,,,0.0
2022-09-20,PM,12300,12300,9107,11377,1748,170,0.011342155009451821,0.015758210669238847,0.3576275,0.0
2022-09-21,AM,6317,6317,5013,5701,0,0,0.011986301369863063,,,0.0
2022-09-21,PM,12159,12159,9114,11132,1721,170,0.011560693641618523,0.017890576242979038,0.310923,0.0
2022-09-22,AM,6360,6360,5051,5744,0,0,0.010500910831851517,,,0.0
2022-09-22,PM,12507,12507,9284,11412,1651,183,0.010928961748633843,0.018348623853210944,0.263208,0.0
2022-09-23,AM,6439,6439,5149,5783,0,0,0.015584415584415683,,,0.0
2022-09-23,PM,12507,12507,9732,11375,2033,259,0.01744022503516166,0.023665223665223795,0.2959045,0.0
2022-09-26,AM,6546,6546,5204,5966,0,0,0.01036238924622607,,,0.0
2022-09-26,PM,13011,13011,9906,11791,2059,203,0.01358893472458133,0.01781170483460549,0.37809,0.0
2022-09-27,AM,6658,6658,5252,5972,0,0,0.010395938136057008,,,0.0
2022-09-27,PM,13185,13185,10008,11975,1981,207,0.011156924569488292,0.015154458908101827,0.34811899999999996,0.0
2022-09-28,AM,6687,6687,5322,6077,0,0,0.009938614440222256,,,0.0
2022-09-28,PM,13624,13624,10228,12495,2081,199,0.010771992818671479,0.0171854114951308,0.323051,0.0
2022-09-29,AM,6657,6657,5348,5988,0,0,0.010928961748633777,,,0.0
2022-09-29,PM,13212,13212,10142,11994,1959,174,0.01231320345902679,0.017857142857142953,0.324772,0.0
2022-09-30,AM,6625,6625,5365,5861,0,0,0.013519514481669754,,,0.0
2022-09-30,PM,12974,12974,10081,11585,2061,451,0.014904346860262763,0.031007751937984527,0.28334400000000004,0.0
2022-10-03,AM,6737,6737,5441,6106,0,0,0.012071130554542767,,,0.0
2022-10-03,PM,13237,13237,9973,12121,1891,201,0.011350737797956869,0.020272410516312882,0.31890850000000004,0.0
2022-10-04,AM,6786,6786,5529,6250,0,0,0.00969470221088515,,,0.0
2022-10-04,PM,13182,13182,10030,12159,1936,169,0.011533381949312145,0.019771133024605106,0.321724,0.0
2022-10-05,AM,6758,6758,5507,6176,0,0,0.010486728531859613,,,0.0
2022-10-05,PM,13292,13292,9945,12262,1877,212,0.01164526418854725,0.020347097546379443,0.2846245,0.0
2022-10-06,AM,6720,6720,5498,6084,0,0,0.012730749906808659,,,0.0
2022-10-06,PM,13132,13132,9885,12160,1775,162,0.01340921092433513,0.0240963855421688,0.311058,0.0
2022-10-07,AM,6711,6711,5511,6123,0,0,0.01021711366538949,,,0.0
2022-10-07,PM,12891,12891,9792,11859,1868,274,0.01324016182419995,0.024239121412710146,0.28018350000000003,0.0
2022-10-10,AM,6701,6701,5523,6083,0,0,0.0088073394495412,,,0.0
2022-10-10,PM,12752,12752,9719,11725,1702,211,0.010989010989010936,0.018219341248795914,0.342803,0.0
2022-10-11,AM,6703,6703,5564,5917,0,0,0.011540391369794194,,,0.0
2022-10-11,PM,12773,12773,9822,11794,1680,156,0.013544018058690667,0.019056845582657467,0.3835415,0.0
2022-10-12,AM,6738,6738,5575,6052,0,0,0.01146788990825688,,,0.0
2022-10-12,PM,12788,12788,9835,11777,1691,183,0.011184745894033614,0.015207780725021944,0.3597865,0.0
2022-10-13,AM,6770,6770,5637,6113,0,0,0.013859791688629467,,,0.0
2022-10-13,PM,12768,12768,10008,11765,1649,146,0.015151515151515233,0.026438013576277366,0.323068,0.0
2022-10-14,AM,6730,6730,5627,6054,660,0,0.011949278285458626,0.022263527467988355,0.345165,0.0
2022-10-14,PM,12685,12685,9909,11576,2082,267,0.013605442176870782,0.02469135802469127,0.297166,0.0
2022-10-17,AM,6706,6706,5622,6039,641,0,0.010150595172492151,0.010459035444509072,0.4087995,0.0
2022-10-17,PM,12506,12506,9804,11403,1928,169,0.012158054711246155,0.020896219969062428,0.344346,0.0
2022-10-18,AM,6665,6665,5594,6074,602,0,0.010232647938990381,0.02111070069218038,0.439964,0.0
2022-10-18,PM,12366,12366,9706,11276,1822,159,0.013605442176870748,0.0194065276701218,0.337352,0.0
2022-10-19,AM,6616,6616,5553,5888,560,0,0.011950287489528501,0.013446481428917963,0.508262,0.0
2022-10-19,PM,12145,12145,9548,11023,1743,158,0.013856812933025438,0.020679468242245144,0.306421,0.0
2022-10-20,AM,6750,6750,5495,6182,493,0,0.009756807973672139,0.024912256554951516,,0.0
2022-10-20,PM,12402,12402,9502,11426,1644,151,0.011472275334608059,0.020445843046294158,0.26779549999999996,0.0
2022-10-21,AM,6753,6753,5516,6044,486,486,0.010928961748633843,0.10139861740952794,,0.0
2022-10-21,PM,12394,12394,9569,11439,1885,408,0.012811488674963274,0.02806032970887408,0.281181,0.0
2022-10-24,AM,6457,6457,5155,6038,0,0,0.007338295418807003,,,0.0
2022-10-24,PM,12061,12061,9418,11108,1916,137,0.01111111111111127,0.01585784090564204,0.316773,0.0
2022-10-25,AM,6445,6445,5161,5900,0,0,0.012337800467985558,,,0.0
2022-10-25,PM,12430,12430,9619,11399,1910,148,0.019801980198019785,0.022984677519691465,0.31906500000000004,0.0
2022-10-26,AM,6436,6436,5165,5731,0,0,0.02115629075383396,,,0.0
2022-10-26,PM,12629,12629,9691,11570,1875,155,0.014981273408239647,0.021325915623551205,0.279741,0.0
2022-10-27,AM,6421,6421,5166,5850,0,0,0.015679442508710832,,,0.0
2022-10-27,PM,12569,12569,9653,11587,1827,160,0.014634146341463277,0.02303262955854123,0.2939235,0.0
2022-10-28,AM,6429,6429,5204,5939,0,0,0.010180012414649343,,,0.0
2022-10-28,PM,12489,12489,9693,11471,1978,255,0.01188867873547699,0.0206254181175705,0.308019,0.0
2022-10-31,AM,6428,6428,5206,5810,0,0,0.009258812771687736,,,0.0
2022-10-31,PM,12544,12544,9651,11493,1890,355,0.012455774107512523,0.02227691807190463,0.3208215,0.0
2022-11-01,AM,6419,6419,5220,5884,0,0,0.0091324200913242,,,0.0
2022-11-01,PM,12528,12528,9524,11530,1715,156,0.010928961748633843,0.01752677702044788,0.344967,0.0
2022-11-02,AM,6414,6414,5229,5764,0,0,0.016345765012853692,,,0.0
2022-11-02,PM,12447,12447,9445,11369,1712,178,0.014064697609001408,0.024271860548080636,0.27594300000000005,0.0
2022-11-03,AM,6387,6387,5223,5758,0,0,0.010680515408358217,,,0.0
2022-11-03,PM,12279,12279,9318,11268,1628,177,0.01111111111111127,0.02125215568737324,0.2630795,0.0
2022-11-04,AM,6406,6406,5233,5743,0,0,0.010059941344769278,,,0.0
2022-11-04,PM,12302,12302,9343,11211,1729,241,0.012578616352201196,0.026551847865087828,0.27142,0.0
2022-11-07,AM,6397,6397,5248,5843,0,0,0.009756097560975518,,,0.0
2022-11-07,PM,12101,12101,9221,11013,1603,157,0.011363636363636392,0.01898734177215183,0.320203,0.0
2022-11-08,AM,6395,6395,5269,5850,0,0,0.009158376756671513,,,0.0
2022-11-08,PM,12033,12033,9256,11095,1578,145,0.011553663727576807,0.017619366923234375,0.363999,0.0
2022-11-09,AM,6385,6385,5268,5799,0,0,0.009634888438133904,,,0.0
2022-11-09,PM,11993,11993,9165,11032,1562,159,0.010771992818671479,0.016598785927576597,0.31892,0.0
2022-11-10,AM,6400,6400,5295,5818,0,0,0.009803921568627473,,,0.0
2022-11-10,PM,11894,11894,9160,10628,1492,151,0.012225532565042722,0.02011853329792937,0.309802,0.0
2022-11-11,AM,6424,6424,5317,5800,651,0,0.009917974027299645,0.022123258152564256,0.3917405,0.0
2022-11-11,PM,12474,12474,9474,11182,1975,224,0.013027901575766467,0.025806451612903136,0.3013865,0.0
2022-11-14,AM,6342,6342,5247,5797,577,0,0.010093081140245335,0.020725388601036194,0.313314,0.0
2022-11-14,PM,12129,12129,9335,10926,1831,163,0.012378426171529545,0.020362552768810497,0.280365,0.0
2022-11-15,AM,6354,6354,5271,5767,588,0,0.013567567260978457,0.039215686274509776,0.5560309999999999,0.0
2022-11-15,PM,12545,12545,9548,11187,1912,164,0.013626298756600238,0.021170604993450463,0.29627950000000003,0.0
2022-11-16,AM,6307,6307,5209,5803,531,0,0.009546539379474904,0.02248722316865425,0.516064,0.0
2022-11-16,PM,12367,12367,9463,11220,1877,174,0.011881188118811977,0.021256038647342886,0.259367,0.0
2022-11-17,AM,6279,6279,5182,5777,480,0,0.010063038574981125,0.016685749332803583,,0.0
2022-11-17,PM,12562,12562,9391,11494,1519,170,0.011689362698630273,0.02316155182397221,0.2569215,0.0
2022-11-18,AM,6262,6262,5175,5629,472,472,0.008119407821614742,0.11417484789163439,,0.0
2022-11-18,PM,12372,12372,9293,11200,1613,370,0.011750517961698105,0.030003191828917895,0.2230285,0.0
2022-11-21,AM,6074,6074,4793,5673,0,0,0.009687997685243806,,,0.0
2022-11-21,PM,11949,11949,8949,10785,1301,156,0.011195928753180507,0.022026431718061675,0.19096849999999999,0.0
2022-11-22,AM,6074,6074,4841,5692,0,0,0.00900854159552801,,,0.0
2022-11-22,PM,12118,12118,8896,10920,1294,156,0.01157416046134421,0.024587947053582693,0.2278245,0.0
2022-11-23,AM,6082,6082,4886,5677,0,0,0.010061843873084845,,,0.0
2022-11-23,PM,12045,12045,8866,10787,1599,156,0.012121212121212017,0.027314112291350532,0.184736,0.0
2022-11-25,AM,6047,6047,4851,4147,0,0,0.06586169045005488,,,0.0
2022-11-25,PM,12097,12097,8757,8499,1953,237,0.06572769953051637,0.08226221079691516,0.194429,0.0
2022-11-28,AM,6096,6096,4930,5697,0,0,0.00864749734151626,,,0.0
2022-11-28,PM,11825,11825,8748,10712,1847,157,0.011025358324145534,0.01724137931034477,0.2430875,0.0
2022-11-29,AM,6084,6084,4938,5655,0,0,0.010164804379082338,,,0.0
2022-11-29,PM,11846,11846,8737,10832,1780,146,0.01100917431192653,0.013719827268029793,0.2624,0.0
2022-11-30,AM,6104,6104,4986,5636,0,0,0.011072846812148037,,,0.0
2022-11-30,PM,11918,11918,8912,10532,1849,368,0.016462015922277758,0.031264803410705796,0.28465,0.0
2022-12-01,AM,6190,6190,5030,5741,0,0,0.009252456318546202,,,0.0
2022-12-01,PM,12490,12490,9004,11325,1660,175,0.01229959219432521,0.025007106310403614,0.241191,0.0
2022-12-02,AM,6176,6176,5056,5711,0,0,0.010631836958261158,,,0.0
2022-12-02,PM,12364,12364,9045,11165,1760,227,0.012853797240192418,0.032515913881072965,0.19385449999999999,0.0
2022-12-05,AM,6158,6158,5062,5695,0,0,0.009334889148191333,,,0.0
2022-12-05,PM,12215,12215,8799,11054,1647,162,0.011494252873563178,0.020905923344947785,0.211515,0.0
2022-12-06,AM,6158,6158,5075,5656,0,0,0.010657804298114337,,,0.0
2022-12-06,PM,12202,12202,9141,11103,1618,161,0.013093837556677316,0.02087170829502113,0.24791000000000002,0.0
2022-12-07,AM,6147,6147,5088,5671,0,0,0.011399295549151573,,,0.0
2022-12-07,PM,12027,12027,9071,11057,1533,162,0.011395600432744452,0.017543859649122744,0.257839,0.0
2022-12-08,AM,6143,6143,5098,5653,0,0,0.009917355371900714,,,0.0
2022-12-08,PM,12259,12259,9039,11332,1534,163,0.011577660008153133,0.015134639340096796,0.27910650000000004,0.0
2022-12-09,AM,6132,6132,5110,5655,684,0,0.011091361591793737,0.016893690685459997,0.3340435,0.0
2022-12-09,PM,12139,12139,9013,11242,1943,215,0.012030075187970096,0.018669778296382663,0.29617,0.0
2022-12-12,AM,6160,6160,5155,5659,699,0,0.010287241194869077,0.013593736556826939,0.476763,0.0
2022-12-12,PM,12126,12126,9109,11270,1885,144,0.011667639050952961,0.011695906432748496,0.446785,0.0
2022-12-13,AM,6105,6105,5118,5528,647,0,0.011485220334884846,0.01646413171305366,0.4261895,0.0
2022-12-13,PM,12017,12017,9114,10883,1819,146,0.014593698175787652,0.015381234893430015,0.36341749999999995,0.0
2022-12-14,AM,6055,6055,5071,5420,613,0,0.015808701428097097,0.022675736961451247,0.492521,0.0
2022-12-14,PM,11760,11760,8964,10418,1772,139,0.0172861434554744,0.022371364653243846,0.2581115,0.0
2022-12-15,AM,6216,6216,5043,5675,544,0,0.012796045302740386,0.03109082269090753,,0.0
2022-12-15,PM,12149,12149,9048,11043,1743,168,0.015321858521540124,0.022836095764272726,0.218647,0.0
2022-12-16,AM,6154,6154,5012,5535,475,475,0.012328556310666667,0.058486835258611765,,0.0
2022-12-16,PM,12415,12415,9166,11268,1832,419,0.015503875968992192,0.025379410510957757,0.20307399999999998,0.0
2022-12-19,AM,5835,5835,4624,5416,0,0,0.009732360097323568,,,0.0
2022-12-19,PM,12292,12292,9087,11164,1292,156,0.011920247872139538,0.02032302943350292,0.251554,0.0
2022-12-20,AM,5951,5951,4672,5539,0,0,0.010488100040338824,,,0.0
2022-12-20,PM,12458,12458,9173,11331,1288,158,0.011277323635884906,0.01732106813253486,0.227454,0.0
2022-12-21,AM,5942,5942,4713,5513,0,0,0.010899694644683206,,,0.0
2022-12-21,PM,12419,12419,9141,11265,1310,153,0.011681772406847844,0.02098715831138484,0.194951,0.0
2022-12-22,AM,5937,5937,4752,5431,0,0,0.010718113612004287,,,0.0
2022-12-22,PM,12257,12257,9234,11003,1325,159,0.013151968291145066,0.02409638554216859,0.20082,0.0
2022-12-23,AM,5937,5937,4763,5452,0,0,0.01126456291952792,,,0.0
2022-12-23,PM,12318,12318,9118,11127,1656,217,0.012509197939661432,0.02063274703599384,0.18978,0.0
2022-12-27,AM,5932,5932,4768,5500,0,0,0.010836872545115563,,,0.0
2022-12-27,PM,12034,12034,8994,10924,1544,160,0.012770043210183255,0.017355160313850662,0.2182665,0.0
2022-12-28,AM,5921,5921,4782,5387,0,0,0.010417773998086603,,,0.0
2022-12-28,PM,11799,11799,8861,10679,1488,153,0.012269938650306707,0.01538698297701065,0.218568,0.0
2022-12-29,AM,5919,5919,4806,5430,0,0,0.007141836880445651,,,0.0
2022-12-29,PM,11526,11526,8744,10499,1461,169,0.011601168408368034,0.01948368241597662,0.177421,0.0
2022-12-30,AM,5906,5906,4809,5456,0,0,0.009243046497649988,,,0.0
2022-12-30,PM,11401,11401,8596,10484,1519,421,0.012474012474012504,0.026590693257359896,0.184358,0.0
