subset_id,method,successes,median_pairs,median_residual_rmse,p95_residual_rmse,median_weighted_rmse,median_discount,median_forward
D01_ALL_USABLE,F0,6700,128.0,0.2240690160142487,1.8565560134674108,0.2240690160142487,0.9936020397432164,3960.0256577996033
D01_ALL_USABLE,F1,6718,128.0,0.2649779308044164,2.616201410958146,0.095315110302276,0.9935700754744514,3960.448801339997
D01_ALL_USABLE,F2,6700,128.0,0.2303018538943315,2.053363321986011,0.1656807058804665,0.9935710110387164,3960.5896444034
D01_ALL_USABLE,F3,6657,128.0,0.2734966393822696,2.694268204873034,0.076739457532627,0.9936467538203878,3959.75396614714
D02_LIQUID,F0,6652,84.0,0.1648307049700125,1.665740228050248,0.1648307049700125,0.9936944050498492,3960.592718688326
D02_LIQUID,F1,6662,84.0,0.1983052733128876,2.3268237738714883,0.0806199677635414,0.9936279074989668,3960.397273954949
D02_LIQUID,F2,6645,84.0,0.16946001415136,1.7764782833997967,0.1300056851113353,0.99366590035061,3960.385143503109
D02_LIQUID,F3,6595,85.0,0.2056828884038272,2.355981569794847,0.0643864904965528,0.9937198355727164,3959.7905947882623
D03_NARROW_SPREAD,F0,6691,118.0,0.1965478280384727,1.6182346278408613,0.1965478280384727,0.9936291381686346,3959.984853205626
D03_NARROW_SPREAD,F1,6691,118.0,0.2318193208300175,2.006993787351587,0.0891872501012107,0.993595297115043,3959.999188386185
D03_NARROW_SPREAD,F2,6678,118.0,0.2001064153889226,1.6760450713779844,0.1473872609242338,0.9936179938519192,3960.052209237675
D03_NARROW_SPREAD,F3,6625,119.0,0.2370086704993407,1.9876261000976767,0.0730161649849679,0.993743002641979,3959.49548460956
D04_MATCHED_LIQUID_NARROW,F0,6641,77.0,0.1527190807698729,1.3705151948823924,0.1527190807698729,0.9936735639561864,3960.240301015326
D04_MATCHED_LIQUID_NARROW,F1,6641,77.0,0.1825458456911849,1.7359140444639714,0.0763852432730129,0.9936231174867676,3960.140869712884
D04_MATCHED_LIQUID_NARROW,F2,6621,77.0,0.1562774792039919,1.448269695456331,0.1206476738846637,0.9936503887516082,3960.020849502876
D04_MATCHED_LIQUID_NARROW,F3,6592,77.0,0.1878241973629361,1.81758394009511,0.0627273540008446,0.9937085767927436,3959.752021817516
