quote_date,split,study,runtime_seconds,observations,objective,optimizer,feller_treatment,objective_value,success,evaluations,iterations,message,feller_ratio,v0,kappa,theta,sigma_v,rho,evaluation_C00,evaluation_C04,optimizer_id
2022-07-01,DEV,calibration_objective,7.657938600001216,30.0,C00,local,unconstrained,2.3574213023248825,True,438,51,CONVERGENCE: RELATIVE REDUCTION OF F <= FACTR*EPSMCH,0.4696791636351358,0.06241572858260241,1.4437651979183939,0.09447559056589558,0.7621183928620094,-0.7554738979109205,2.3574213023248825,9.21970612918153,
2022-08-25,DEV,calibration_objective,10.225426199998765,30.0,C00,local,unconstrained,1.0640943306697275,True,564,62,CONVERGENCE: RELATIVE REDUCTION OF F <= FACTR*EPSMCH,0.5421783437157102,0.038582168671541885,1.6822224304378974,0.10780233023912923,0.8178990403126786,-0.7949652835772092,1.0640943306697275,3.807709989665545,
2022-10-18,DEV,calibration_objective,6.161783800002013,30.0,C00,local,unconstrained,1.5367580480391414,True,408,41,CONVERGENCE: RELATIVE REDUCTION OF F <= FACTR*EPSMCH,0.5136932671208336,0.08106388293895668,2.1195859405505857,0.08608688555329772,0.8428631642592592,-0.694623997493087,1.5367580480391414,3.1227202817485282,
2022-07-01,DEV,calibration_objective,3.39497040000424,30.0,C01,local,unconstrained,0.24345615904725454,True,18,1,CONVERGENCE: RELATIVE REDUCTION OF F <= FACTR*EPSMCH,1.5532871972318338,0.25125,5.025,0.25125,1.275,0.0,186.66971041068106,263.0690411217228,
2022-08-25,DEV,calibration_objective,4.578015200000664,30.0,C01,local,unconstrained,0.26795519594391254,True,18,1,CONVERGENCE: RELATIVE REDUCTION OF F <= FACTR*EPSMCH,1.5532871972318338,0.25125,5.025,0.25125,1.275,0.0,172.77047555317267,434.4979940772556,
2022-10-18,DEV,calibration_objective,3.8196538999982295,30.0,C01,local,unconstrained,0.20982479413673108,True,18,1,CONVERGENCE: RELATIVE REDUCTION OF F <= FACTR*EPSMCH,1.5532871972318338,0.25125,5.025,0.25125,1.275,0.0,168.68244102975262,129.20970760600326,
2022-07-01,DEV,calibration_objective,3.836674199999834,30.0,C02,local,unconstrained,0.23812055272061022,True,18,1,CONVERGENCE: RELATIVE REDUCTION OF F <= FACTR*EPSMCH,1.5532871972318338,0.25125,5.025,0.25125,1.275,0.0,186.66971041068106,263.0690411217228,
2022-08-25,DEV,calibration_objective,3.749343899995438,30.0,C02,local,unconstrained,0.26710332907421785,True,18,1,CONVERGENCE: RELATIVE REDUCTION OF F <= FACTR*EPSMCH,1.5532871972318338,0.25125,5.025,0.25125,1.275,0.0,172.77047555317267,434.4979940772556,
2022-10-18,DEV,calibration_objective,4.739262200004305,30.0,C02,local,unconstrained,0.2217066288403269,True,18,1,CONVERGENCE: RELATIVE REDUCTION OF F <= FACTR*EPSMCH,1.5532871972318338,0.25125,5.025,0.25125,1.275,0.0,168.68244102975262,129.20970760600326,
2022-07-01,DEV,calibration_objective,10.088087500000256,30.0,C03,local,unconstrained,8.864148136001315,True,444,48,CONVERGENCE: RELATIVE REDUCTION OF F <= FACTR*EPSMCH,1.3325453721807075,0.05538876374052338,2.836500942880229,0.08279510166769172,0.5937010037475634,-0.999,6.9008050285424245,9.93168221066197,
2022-08-25,DEV,calibration_objective,7.715525200001139,30.0,C03,local,unconstrained,4.559363361730544,True,402,45,CONVERGENCE: RELATIVE REDUCTION OF F <= FACTR*EPSMCH,0.46129428676451706,0.038945216058916654,2.1574391110882396,0.09791463553474558,0.9570156494269638,-0.7598913372022915,1.3824312512872312,3.9095533521139605,
2022-10-18,DEV,calibration_objective,8.379624900000636,30.0,C03,local,unconstrained,3.500570724509539,True,492,52,CONVERGENCE: RELATIVE REDUCTION OF F <= FACTR*EPSMCH,0.47537950134254314,0.07752175459666152,1.8627957728831739,0.0934014660124974,0.8555674249087402,-0.6888936507437872,2.0744489776635913,3.213595200902212,
2022-07-01,DEV,calibration_objective,8.073687700001756,30.0,C04,local,unconstrained,9.135161991190841,True,570,69,CONVERGENCE: RELATIVE REDUCTION OF F <= FACTR*EPSMCH,0.47716838382783383,0.059932074361548744,1.004810600314869,0.10708853274400511,0.6715722705831028,-0.7510015385715464,2.5338639627263464,9.135161991190841,
2022-08-25,DEV,calibration_objective,8.821608799997193,30.0,C04,local,unconstrained,3.6919311269800277,True,570,65,CONVERGENCE: RELATIVE REDUCTION OF F <= FACTR*EPSMCH,0.5117842500486873,0.03825351189011044,1.7872905802176169,0.10600809377828527,0.8604757497357645,-0.7835582237582409,1.1358562786141693,3.6919311269800277,
2022-10-18,DEV,calibration_objective,9.060360399998899,30.0,C04,local,unconstrained,3.099315003198919,True,486,50,CONVERGENCE: RELATIVE REDUCTION OF F <= FACTR*EPSMCH,0.4960523361719644,0.08076438394914226,1.8478144293766905,0.08816287621014438,0.810444539168897,-0.6922856064551614,1.6075468109471245,3.099315003198919,
2022-10-19,VALIDATION,methodology_confirmation,,,C04,multistart,unconstrained,5.426188279693573,True,558,55,CONVERGENCE: RELATIVE REDUCTION OF F <= FACTR*EPSMCH,0.4813503460453753,0.08146013198862923,0.9272098470653474,0.09329742366880223,0.5995262412064097,-0.7030391763950287,,,O01
2022-11-04,VALIDATION,methodology_confirmation,,,C04,multistart,unconstrained,10.358780787251813,True,672,71,CONVERGENCE: RELATIVE REDUCTION OF F <= FACTR*EPSMCH,0.6170060495101033,0.06502217796028419,2.26865500513953,0.08044233926850622,0.76912488169455,-0.7059572899883547,,,O01
2022-11-22,VALIDATION,methodology_confirmation,,,C04,multistart,unconstrained,11.249652788747818,True,414,39,CONVERGENCE: RELATIVE REDUCTION OF F <= FACTR*EPSMCH,0.8413578345353785,0.02494298818639279,4.501499695947422,0.07775480424534265,0.912151244503299,-0.999,,,O01
