optimizer_id,quote_date,split,study,runtime_seconds,observations,objective,optimizer,feller_treatment,objective_value,success,evaluations,iterations,message,feller_ratio,v0,kappa,theta,sigma_v,rho,diagnostic_id,parameter,dispersion,successful_solutions,covariance_condition_number,fixed_value,draw,jump_score
O00,2022-08-25,DEV,optimizer,8.512313299994275,30.0,C04,local,unconstrained,3.6919311269800277,True,570.0,65.0,CONVERGENCE: RELATIVE REDUCTION OF F <= FACTR*EPSMCH,0.5117842500486873,0.03825351189011044,1.7872905802176169,0.10600809377828527,0.8604757497357645,-0.7835582237582409,,,,,,,,
O01,2022-08-25,DEV,optimizer,47.202324099998805,30.0,C04,multistart,unconstrained,3.691930961972046,True,474.0,49.0,CONVERGENCE: RELATIVE REDUCTION OF F <= FACTR*EPSMCH,0.5117301911607328,0.03825335622848918,1.787188349349036,0.10601486564316738,0.8605240719787277,-0.7835434821658672,,,,,,,,
O02,2022-08-25,DEV,optimizer,8.379982900005416,30.0,C04,de,unconstrained,5.079118199479325,False,525.0,20.0,Maximum number of iterations has been exceeded.,0.392550147828367,0.04028069516928337,3.2383319405402604,0.08344188107992537,1.1733299324631339,-0.7387992963358835,,,,,,,,
O03,2022-08-25,DEV,optimizer,15.795508499999414,30.0,C04,de_local,unconstrained,4.156362464894283,False,156.0,20.0,STOP: TOTAL NO. OF ITERATIONS REACHED LIMIT,0.49880958678855686,0.038426328566873606,3.0266737243944664,0.08644524607326193,1.0242381844613369,-0.784279679660833,,,,,,,,
O04,2022-08-25,DEV,gpu_population_local,23.168906299993978,30.0,C04,local,unconstrained,3.6919309959260436,True,558.0,63.0,CONVERGENCE: RELATIVE REDUCTION OF F <= FACTR*EPSMCH,0.5117476014070249,0.038252881263273225,1.7875468303980582,0.10600615614278686,0.860560380409837,-0.783550050859862,,,,,,,,
,2022-08-25,DEV,feller,0.4447294999990845,,C04,local,unconstrained,3.6919309617025755,True,24.0,1.0,CONVERGENCE: RELATIVE REDUCTION OF F <= FACTR*EPSMCH,0.5117302635512847,0.038253380960055455,1.7871883520395908,0.10601487964083421,0.8605240685702221,-0.7835434798268633,FELLER_UNCONSTRAINED,,,,,,,
,2022-08-25,DEV,feller,6.471087000005355,,C04,local,soft,5.543879974805516,True,312.0,34.0,CONVERGENCE: RELATIVE REDUCTION OF F <= FACTR*EPSMCH,0.6670867260645063,0.03803881614281814,2.146389576877893,0.09477565250602576,0.780955908908977,-0.8285439898255755,FELLER_SOFT,,,,,,,
,2022-08-25,DEV,feller,11.201497400004882,,C04,local,hard,6.173920175678005,True,617.0,64.0,Optimization terminated successfully,0.9999999996955425,0.037844055330954925,2.8784101073297004,0.08264016878436402,0.6897424115896713,-0.9164824881022354,FELLER_HARD,,,,,,,
,2022-08-25,DEV,identifiability,,,,,,,,,,,,,,,,,MULTISTART_v0,v0,1.9605126415250176e-07,5.0,1.047465136781283e+18,,,
,2022-08-25,DEV,identifiability,,,,,,,,,,,,,,,,,MULTISTART_kappa,kappa,0.001034151122045982,5.0,1.047465136781283e+18,,,
,2022-08-25,DEV,identifiability,,,,,,,,,,,,,,,,,MULTISTART_theta,theta,2.8084540156255374e-05,5.0,1.047465136781283e+18,,,
,2022-08-25,DEV,identifiability,,,,,,,,,,,,,,,,,MULTISTART_sigma_v,sigma_v,0.00011925690069194657,5.0,1.047465136781283e+18,,,
,2022-08-25,DEV,identifiability,,,,,,,,,,,,,,,,,MULTISTART_rho,rho,7.746302863046018e-06,5.0,1.047465136781283e+18,,,
,2022-08-25,DEV,profile_objective,,,,,,29.35176677396395,True,,,,,,,,,,PROFILE_v0,v0,,,,0.0025,,
,2022-08-25,DEV,profile_objective,,,,,,12.253986543014962,True,,,,,,,,,,PROFILE_v0,v0,,,,0.02504223016000924,,
,2022-08-25,DEV,profile_objective,,,,,,9.717718577994702,True,,,,,,,,,,PROFILE_v0,v0,,,,0.047584460320018486,,
,2022-08-25,DEV,profile_objective,,,,,,30.45920783840135,True,,,,,,,,,,PROFILE_v0,v0,,,,0.07012669048002773,,
,2022-08-25,DEV,profile_objective,,,,,,51.72303177280034,True,,,,,,,,,,PROFILE_v0,v0,,,,0.09266892064003697,,
,2022-08-25,DEV,profile_objective,,,,,,73.45817239379478,True,,,,,,,,,,PROFILE_v0,v0,,,,0.11521115080004621,,
,2022-08-25,DEV,profile_objective,,,,,,95.25382462408514,True,,,,,,,,,,PROFILE_v0,v0,,,,0.13775338096005546,,
,2022-08-25,DEV,profile_objective,,,,,,6.593070725724877,True,,,,,,,,,,PROFILE_rho,rho,,,,-0.999,,
,2022-08-25,DEV,profile_objective,,,,,,5.397283867373766,True,,,,,,,,,,PROFILE_rho,rho,,,,-0.8964905799711439,,
,2022-08-25,DEV,profile_objective,,,,,,3.7192902833769725,True,,,,,,,,,,PROFILE_rho,rho,,,,-0.7939811599422878,,
,2022-08-25,DEV,profile_objective,,,,,,4.441326494775532,True,,,,,,,,,,PROFILE_rho,rho,,,,-0.6914717399134317,,
,2022-08-25,DEV,profile_objective,,,,,,6.897430340017853,True,,,,,,,,,,PROFILE_rho,rho,,,,-0.5889623198845756,,
,2022-08-25,DEV,profile_objective,,,,,,10.609597563992981,True,,,,,,,,,,PROFILE_rho,rho,,,,-0.4864528998557195,,
,2022-08-25,DEV,profile_objective,,,,,,15.699062892492162,True,,,,,,,,,,PROFILE_rho,rho,,,,-0.38394347982686333,,
,2022-08-25,DEV,bootstrap,,,C04,local,unconstrained,3.618449075643838,True,450.0,56.0,CONVERGENCE: RELATIVE REDUCTION OF F <= FACTR*EPSMCH,0.5096655631321764,0.038380230711208836,1.8030830335603447,0.10496301557994399,0.8617838792376941,-0.7830776162979589,BOOTSTRAP_000,,,,,,0.0,
,2022-08-25,DEV,bootstrap,,,C04,local,unconstrained,3.783650401283205,True,384.0,44.0,CONVERGENCE: RELATIVE REDUCTION OF F <= FACTR*EPSMCH,0.5035229555572561,0.03818575501184544,1.75235410857645,0.10728409858376596,0.8641397328313698,-0.7805465937053988,BOOTSTRAP_001,,,,,,1.0,
,2022-08-25,DEV,bootstrap,,,C04,local,unconstrained,3.6021729713082444,True,348.0,34.0,CONVERGENCE: RELATIVE REDUCTION OF F <= FACTR*EPSMCH,0.5060704621839348,0.03831001882453717,1.790227430707593,0.10572457277977299,0.8648714801804691,-0.7815854995968551,BOOTSTRAP_002,,,,,,2.0,
,2022-08-25,DEV,bootstrap,,,C04,local,unconstrained,3.702607033867343,True,672.0,68.0,CONVERGENCE: RELATIVE REDUCTION OF F <= FACTR*EPSMCH,0.5111151590382512,0.038287285311727176,1.7660819811268904,0.10677235013135641,0.8589946277140794,-0.7832928720906869,BOOTSTRAP_003,,,,,,3.0,
,2022-08-25,DEV,bootstrap,,,C04,local,unconstrained,3.69817482635004,True,426.0,43.0,CONVERGENCE: RELATIVE REDUCTION OF F <= FACTR*EPSMCH,0.5187756714745168,0.03831771955189062,1.8711657521635852,0.10372061501377589,0.8649955413195093,-0.7838685166519589,BOOTSTRAP_004,,,,,,4.0,
,2022-08-25,DEV,bootstrap,,,C04,local,unconstrained,3.745184719325584,True,198.0,18.0,CONVERGENCE: RELATIVE REDUCTION OF F <= FACTR*EPSMCH,0.5110965286366955,0.0381907163487497,1.786886853432866,0.10636483087405532,0.8624046429422021,-0.7831124764423036,BOOTSTRAP_005,,,,,,5.0,
,2022-08-25,DEV,bootstrap,,,C04,local,unconstrained,3.7191934552713004,True,450.0,43.0,CONVERGENCE: RELATIVE REDUCTION OF F <= FACTR*EPSMCH,0.5047832053510094,0.038252936849292395,1.8483269161987472,0.10440951999447409,0.8744238466513893,-0.7829569700942928,BOOTSTRAP_006,,,,,,6.0,
,2022-08-25,DEV,bootstrap,,,C04,local,unconstrained,3.7086412730481357,True,204.0,22.0,CONVERGENCE: RELATIVE REDUCTION OF F <= FACTR*EPSMCH,0.5191432958900494,0.03827240390016028,1.7876458830997473,0.10568596213278506,0.8531409183483941,-0.7872528393316824,BOOTSTRAP_007,,,,,,7.0,
,2022-07-01,DEV,rolling_stability,,,,,,,,,,,,0.05991520428206629,1.0036387214326676,0.10714258942876646,0.6712335193675457,-0.7510278220598439,ROLLING_STABILITY,,,,,,,0.0
,2022-08-25,DEV,rolling_stability,,,,,,,,,,,,0.03825337261303229,1.7871883527850982,0.1060148828996658,0.8605240701203877,-0.783543472735593,ROLLING_STABILITY,,,,,,,1.6783726412850075
,2022-10-18,DEV,rolling_stability,,,,,,,,,,,,0.08076482934404394,1.8483047594231277,0.08816219526950517,0.8105625238709868,-0.6922786371081988,ROLLING_STABILITY,,,,,,,4.264845906630084
,2022-07-05,DEV,rolling_stability,,,,,,,,,,,,0.05981166649843465,2.2467462314702473,0.09083087671011099,0.986291824876819,-0.7456975706178078,ROLLING_STABILITY,,,,,,,2.3141979506072956
,2022-07-06,DEV,rolling_stability,,,,,,,,,,,,0.06393965139635999,2.3891282939637684,0.0872188326842294,1.0235826244486939,-0.7424525895005756,ROLLING_STABILITY,,,,,,,0.3502606035757018
,2022-07-07,DEV,rolling_stability,,,,,,,,,,,,0.058674090539749944,2.269079750256586,0.090236456190566,1.0094984935899258,-0.7542394076975465,ROLLING_STABILITY,,,,,,,0.47189306270385367
,2022-07-08,DEV,rolling_stability,,,,,,,,,,,,0.04736205354334913,2.539239878904943,0.09500937814635266,1.1188719745573596,-0.7483179683844638,ROLLING_STABILITY,,,,,,,0.6174782633429591
,2022-07-11,DEV,rolling_stability,,,,,,,,,,,,0.04914151152364624,1.1001039611590953,0.1256637657690529,0.7557270763620878,-0.7630668224877458,ROLLING_STABILITY,,,,,,,1.4267966945210533
,2022-07-12,DEV,rolling_stability,,,,,,,,,,,,0.06404499150361487,2.011565505981421,0.09603437069263353,0.9801583079139781,-0.7543882600830036,ROLLING_STABILITY,,,,,,,1.2985231366382881
,2022-07-13,DEV,rolling_stability,,,,,,,,,,,,0.05768862058335549,1.5888540672565266,0.12928549610813553,0.9398985074944659,-0.7392695016023204,ROLLING_STABILITY,,,,,,,1.048129876327839
,2022-07-14,DEV,rolling_stability,,,,,,,,,,,,0.05292853256842056,1.6661774191686054,0.11281122451258244,0.9299329397095513,-0.7558584357800079,ROLLING_STABILITY,,,,,,,0.7343145173878606
,2022-07-15,DEV,rolling_stability,,,,,,,,,,,,0.04017155401954623,1.2837508990024034,0.13105341426055991,0.8461374726582729,-0.760256645550823,ROLLING_STABILITY,,,,,,,0.7540540475953652
,2022-07-18,DEV,rolling_stability,,,,,,,,,,,,0.044112602541637166,0.7089457508193311,0.1778205924045375,0.71201219897406,-0.7650687931488546,ROLLING_STABILITY,,,,,,,1.1861785094265507
,2022-07-19,DEV,rolling_stability,,,,,,,,,,,,0.04679254221590355,2.696945749268164,0.09816703683324382,1.234456436410264,-0.7364264443424605,ROLLING_STABILITY,,,,,,,2.644460715048436
,2022-07-20,DEV,rolling_stability,,,,,,,,,,,,0.05282040110637739,1.4966078929268207,0.10477227245688739,0.8598236526323284,-0.7419102590137987,ROLLING_STABILITY,,,,,,,1.1393100697992962
,2022-07-21,DEV,rolling_stability,,,,,,,,,,,,0.048355918066810444,3.1756643639931017,0.09014446848000698,1.3389795308157206,-0.7219521227088906,ROLLING_STABILITY,,,,,,,1.623081579674926
,2022-07-22,DEV,rolling_stability,,,,,,,,,,,,0.047985386032644975,1.6076609432674946,0.10698488026393045,0.896331795419272,-0.7411362184051091,ROLLING_STABILITY,,,,,,,1.5223780925062467
,2022-07-25,DEV,rolling_stability,,,,,,,,,,,,0.04526286255600947,1.613077423089743,0.10868272040498514,0.8935352957760246,-0.746575463541821,ROLLING_STABILITY,,,,,,,0.18487877104805567
,2022-07-26,DEV,rolling_stability,,,,,,,,,,,,0.05671929652302539,2.8051763125375007,0.0901248011389912,1.192096280968217,-0.7298582979114422,ROLLING_STABILITY,,,,,,,1.3619404213426585
,2022-07-27,DEV,rolling_stability,,,,,,,,,,,,0.04061616391622467,2.5120307464760527,0.09684174270508747,1.141517061737231,-0.731086149758559,ROLLING_STABILITY,,,,,,,0.7536799328198114
,2022-07-28,DEV,rolling_stability,,,,,,,,,,,,0.031841251383658446,3.750727810490691,0.0881031383544177,1.4649628269388018,-0.7322159391731857,ROLLING_STABILITY,,,,,,,1.0191284667167182
,2022-07-29,DEV,rolling_stability,,,,,,,,,,,,0.02932819738034764,1.340132839201694,0.12340476249013066,0.8673627223386372,-0.7321928425256352,ROLLING_STABILITY,,,,,,,1.9993271703514819
,2022-08-01,DEV,rolling_stability,,,,,,,,,,,,0.03384752543539388,2.2779440194819305,0.09947294222130927,1.0743252823657095,-0.7393083110154969,ROLLING_STABILITY,,,,,,,0.9235996601702944
,2022-08-02,DEV,rolling_stability,,,,,,,,,,,,0.040598340684220476,2.174655141974435,0.1010748172380547,1.0429339435319351,-0.7531125524343961,ROLLING_STABILITY,,,,,,,0.6561904084827636
,2022-08-03,DEV,rolling_stability,,,,,,,,,,,,0.03567229482415228,2.445802362057959,0.09382444019467358,1.097988562203325,-0.7448566146008357,ROLLING_STABILITY,,,,,,,0.4673170653770542
,2022-08-04,DEV,rolling_stability,,,,,,,,,,,,0.03510947852238785,1.7516728747872117,0.10569981634152606,0.9281523036285274,-0.7468788927159778,ROLLING_STABILITY,,,,,,,0.6051091408281807
,2022-08-05,DEV,rolling_stability,,,,,,,,,,,,0.03396128095816292,1.4285819773725563,0.117250185601534,0.8560722341600804,-0.7551323927995762,ROLLING_STABILITY,,,,,,,0.4596609234739632
,2022-08-08,DEV,rolling_stability,,,,,,,,,,,,0.03103190674041481,0.8113854879830569,0.1687569861981006,0.7335871004669517,-0.7622455003607079,ROLLING_STABILITY,,,,,,,1.2690115589571604
,2022-08-09,DEV,rolling_stability,,,,,,,,,,,,0.03611186847283222,1.0756586659250367,0.13519065663351373,0.7774189153336879,-0.7598890092898724,ROLLING_STABILITY,,,,,,,0.8505565477997475
,2022-08-10,DEV,rolling_stability,,,,,,,,,,,,0.02322799706542761,0.9381889517706786,0.16184471212185716,0.7903514918561604,-0.7604462845129459,ROLLING_STABILITY,,,,,,,0.821812458183451
,2022-08-11,DEV,rolling_stability,,,,,,,,,,,,0.02460485577009071,2.315533115716656,0.10265502229083624,1.0950088562121603,-0.7613895640118068,ROLLING_STABILITY,,,,,,,1.6521406098546652
,2022-08-12,DEV,rolling_stability,,,,,,,,,,,,0.024020059759166622,0.6638135377368153,0.19847764965444373,0.7482975902885298,-0.7711313212913757,ROLLING_STABILITY,,,,,,,2.48525044864025
,2022-08-15,DEV,rolling_stability,,,,,,,,,,,,0.02051366328582762,1.3123779338927422,0.13324003403444204,0.8843078793704495,-0.7653418147540192,ROLLING_STABILITY,,,,,,,1.5639499740900773
,2022-08-16,DEV,rolling_stability,,,,,,,,,,,,0.022475941300923976,1.8530332778524026,0.10958575112982014,0.997897986920063,-0.764762724347165,ROLLING_STABILITY,,,,,,,0.6681293918794706
,2022-08-17,DEV,rolling_stability,,,,,,,,,,,,0.025409378450985915,0.2149467850345049,0.5,0.6428501075518332,-0.8035257985568561,ROLLING_STABILITY,,,,,,,9.03730693432773
,2022-08-18,DEV,rolling_stability,,,,,,,,,,,,0.02321448725016534,0.21980871175286776,0.5,0.6467000865999313,-0.8113663950280107,ROLLING_STABILITY,,,,,,,0.26759802512059205
,2022-08-19,DEV,rolling_stability,,,,,,,,,,,,0.029404523954061262,0.42609192217195596,0.27262702845020875,0.6836984041540025,-0.8119776308670318,ROLLING_STABILITY,,,,,,,5.159842322295475
,2022-08-22,DEV,rolling_stability,,,,,,,,,,,,0.04032141222475764,0.5507906918169899,0.20096720886529434,0.6647876222900865,-0.8121103412153543,ROLLING_STABILITY,,,,,,,1.7346347943546996
,2022-08-23,DEV,rolling_stability,,,,,,,,,,,,0.04412009980192015,1.404180017974331,0.11154419540286437,0.8072759128710624,-0.7873118818580237,ROLLING_STABILITY,,,,,,,2.3423865546318234
,2022-08-24,DEV,rolling_stability,,,,,,,,,,,,0.03924558262783,1.4575924626003327,0.11141946348353912,0.813901326042872,-0.7895941385038442,ROLLING_STABILITY,,,,,,,0.16696823512599976
,2022-08-26,DEV,rolling_stability,,,,,,,,,,,,0.054317444539196263,3.533627715218047,0.08678093668652104,1.3128704600861263,-0.7794421235421377,ROLLING_STABILITY,,,,,,,1.8610775670379924
,2022-08-29,DEV,rolling_stability,,,,,,,,,,,,0.04438265695929497,1.7136098415717897,0.11007356807089619,0.8807529045872593,-0.7836135196345391,ROLLING_STABILITY,,,,,,,1.5171173589784082
,2022-08-30,DEV,rolling_stability,,,,,,,,,,,,0.04348801781993847,1.1574624574164445,0.13209631166481514,0.7533246586830481,-0.7862119292320666,ROLLING_STABILITY,,,,,,,0.6565680962399016
,2022-08-31,DEV,rolling_stability,,,,,,,,,,,,0.0430822987047416,0.17154696368864078,0.5,0.5609829364655634,-0.7910230563635399,ROLLING_STABILITY,,,,,,,8.353610481865356
,2022-09-01,DEV,rolling_stability,,,,,,,,,,,,0.04700298561933191,1.452650355056604,0.11171593793768565,0.7988672015419728,-0.7641184795744429,ROLLING_STABILITY,,,,,,,8.897328228813505
,2022-09-02,DEV,rolling_stability,,,,,,,,,,,,0.044634022442244604,1.6627670962477987,0.10976018010281387,0.828204361131638,-0.7599814446978426,ROLLING_STABILITY,,,,,,,0.24103788846855712
,2022-09-06,DEV,rolling_stability,,,,,,,,,,,,0.06496249263734237,2.054773975922106,0.08704951539167764,0.8796537465930143,-0.7539860365014054,ROLLING_STABILITY,,,,,,,1.2383207288198772
,2022-09-07,DEV,rolling_stability,,,,,,,,,,,,0.05309655020279464,2.5640377195421036,0.0875390296921706,0.9934102188805043,-0.7461314366514996,ROLLING_STABILITY,,,,,,,0.703602439878064
,2022-09-08,DEV,rolling_stability,,,,,,,,,,,,0.046634803372698264,3.3879026877365015,0.08432788725923976,1.187297041976085,-0.7389350158786833,ROLLING_STABILITY,,,,,,,0.7132513156677955
,2022-09-09,DEV,rolling_stability,,,,,,,,,,,,0.04709834009819449,2.9731837749266243,0.08465304433876605,1.0853967590333877,-0.7446459813594821,ROLLING_STABILITY,,,,,,,0.3905440462376969
,2022-09-12,DEV,rolling_stability,,,,,,,,,,,,0.04942446738464144,1.397779343598954,0.09610877262974807,0.7255853919324657,-0.7523904696128629,ROLLING_STABILITY,,,,,,,1.2283040064038355
,2022-09-13,DEV,rolling_stability,,,,,,,,,,,,0.06149368045787798,1.9521214206857205,0.0919992244201273,0.8552798612144619,-0.7559015738726744,ROLLING_STABILITY,,,,,,,0.780589023551495
,2022-09-14,DEV,rolling_stability,,,,,,,,,,,,0.06607904127661154,2.2892926483248095,0.08327959077252961,0.9172550602784124,-0.7452346610209514,ROLLING_STABILITY,,,,,,,0.6229934316447499
,2022-09-15,DEV,rolling_stability,,,,,,,,,,,,0.06876361329250615,1.7805865893457589,0.08163039119746127,0.7665962197694889,-0.7517122668720051,ROLLING_STABILITY,,,,,,,0.535512282373386
,2022-09-16,DEV,rolling_stability,,,,,,,,,,,,0.07309857381345151,2.646983351045833,0.07748942038115608,0.9348429712965224,-0.7406486639270237,ROLLING_STABILITY,,,,,,,0.7993245564783061
,2022-09-19,DEV,rolling_stability,,,,,,,,,,,,0.06784399767105151,2.176191726104793,0.07810195539945092,0.8147849286392386,-0.7392671784523738,ROLLING_STABILITY,,,,,,,0.43160301192904194
,2022-09-20,DEV,rolling_stability,,,,,,,,,,,,0.08754581941258194,4.418477169287008,0.07240301511369146,1.263355982350931,-0.734793243358574,ROLLING_STABILITY,,,,,,,1.8432919839653668
,2022-09-21,DEV,rolling_stability,,,,,,,,,,,,0.08367222555069653,2.745029761746591,0.07404240661591023,0.926893780250068,-0.7381338014212797,ROLLING_STABILITY,,,,,,,1.1677094756251993
,2022-09-22,DEV,rolling_stability,,,,,,,,,,,,0.0682041606201266,2.5717429895923294,0.08276079651863134,0.895317032890497,-0.732558728455403,ROLLING_STABILITY,,,,,,,0.7653915383200373
,2022-09-23,DEV,rolling_stability,,,,,,,,,,,,0.08981956998032448,4.475597083904547,0.0825200787432201,1.535562141356348,-0.7102449905301151,ROLLING_STABILITY,,,,,,,2.242538278079134
,2022-09-26,DEV,rolling_stability,,,,,,,,,,,,0.1047456057718981,3.2701296117112246,0.08104182605298864,1.1774883588765657,-0.7182758847461982,ROLLING_STABILITY,,,,,,,1.3330070804107388
,2022-09-27,DEV,rolling_stability,,,,,,,,,,,,0.10244106942585693,4.095678625675575,0.08679146841753635,1.4431130449518887,-0.7367066645134921,ROLLING_STABILITY,,,,,,,0.9907884911841139
,2022-09-28,DEV,rolling_stability,,,,,,,,,,,,0.08697925724430491,4.173708152279983,0.08797331437618731,1.5165946925629135,-0.7266473901898381,ROLLING_STABILITY,,,,,,,0.8230057911874139
,2022-09-29,DEV,rolling_stability,,,,,,,,,,,,0.09837349459027256,3.580049779955309,0.08757721858147079,1.3517157563541078,-0.7332861501243465,ROLLING_STABILITY,,,,,,,0.8339137107500343
,2022-09-30,DEV,rolling_stability,,,,,,,,,,,,0.08927143397145997,1.9747984929016487,0.08854059229768001,0.9014861691717019,-0.7358026947231942,ROLLING_STABILITY,,,,,,,1.364290943138921
,2022-10-03,DEV,rolling_stability,,,,,,,,,,,,0.0680623214897892,2.490096204393162,0.09512353161032071,1.055285775153069,-0.7330067527897172,ROLLING_STABILITY,,,,,,,1.0634872048393815
,2022-10-04,DEV,rolling_stability,,,,,,,,,,,,0.06531351794785338,3.6431025065547904,0.0886274446587489,1.34057104220053,-0.7272781904430874,ROLLING_STABILITY,,,,,,,0.9009154492034742
,2022-10-05,DEV,rolling_stability,,,,,,,,,,,,0.06202813905855816,2.3623813572869627,0.09542056030218508,1.0148922710579622,-0.735998072717307,ROLLING_STABILITY,,,,,,,1.054949830527139
,2022-10-06,DEV,rolling_stability,,,,,,,,,,,,0.09437112772281096,3.2718021423944004,0.08112490250094635,1.2230108272070388,-0.7260462795672565,ROLLING_STABILITY,,,,,,,1.8558831671179654
,2022-10-07,DEV,rolling_stability,,,,,,,,,,,,0.09456045781027933,3.0349297950777285,0.08835738630020722,1.201598451002503,-0.7359072685053681,ROLLING_STABILITY,,,,,,,0.4199860579324037
,2022-10-10,DEV,rolling_stability,,,,,,,,,,,,0.09125869786822526,1.4867516942859387,0.08664745006531058,0.7316453898518469,-0.7355883466672157,ROLLING_STABILITY,,,,,,,1.3326350449881783
,2022-10-11,DEV,rolling_stability,,,,,,,,,,,,0.111176887727536,2.0580794266059943,0.07740196068960306,0.8751596052846701,-0.7211918704217417,ROLLING_STABILITY,,,,,,,1.3012627693359835
,2022-10-12,DEV,rolling_stability,,,,,,,,,,,,0.11620871664066551,1.7041076902282837,0.06586769153697299,0.7675186792499367,-0.7005015035480732,ROLLING_STABILITY,,,,,,,1.0104753792629593
,2022-10-13,DEV,rolling_stability,,,,,,,,,,,,0.09470738922080736,2.312833282997368,0.08210364785393895,0.9226745576528861,-0.7003165700467616,ROLLING_STABILITY,,,,,,,1.1306148809198129
,2022-10-14,DEV,rolling_stability,,,,,,,,,,,,0.08607307807667462,3.2302592159893444,0.09280638249956444,1.220812239989466,-0.684124315422676,ROLLING_STABILITY,,,,,,,1.1267093525130967
,2022-10-17,DEV,rolling_stability,,,,,,,,,,,,0.07512036720262547,1.6407762819384346,0.09832653737876548,0.7830248348901646,-0.690819730555197,ROLLING_STABILITY,,,,,,,1.3885979654498655
,2022-10-19,VALIDATION,rolling_stability,,,,,,,,,,,,0.08146804738607429,0.9303735388550554,0.09327197860416216,0.6002593604116783,-0.7030052171706512,ROLLING_STABILITY,,,,,,,0.8211816528356725
,2022-11-04,VALIDATION,rolling_stability,,,,,,,,,,,,0.06502369473300074,2.268872669070998,0.08044120515517875,0.7692237048578323,-0.7059021691832089,ROLLING_STABILITY,,,,,,,1.094838440320022
,2022-11-22,VALIDATION,rolling_stability,,,,,,,,,,,,0.024943164584164335,4.501278781618223,0.07775577789277748,0.9121463982953963,-0.999,ROLLING_STABILITY,,,,,,,11.76761467229647
,2022-10-20,VALIDATION,rolling_stability,,,,,,,,,,,,0.06661632349601272,0.6917305722294709,0.13310498919479008,0.5554355898515069,-0.709966431492569,ROLLING_STABILITY,,,,,,,11.937511370874331
,2022-10-21,VALIDATION,rolling_stability,,,,,,,,,,,,0.07484402325454087,0.5092001006825896,0.11576242181025,0.500258851157046,-0.7064121589228022,ROLLING_STABILITY,,,,,,,0.6697860406753963
,2022-10-24,VALIDATION,rolling_stability,,,,,,,,,,,,0.07236707629577177,0.05171225823542748,0.5,0.432048532107071,-0.700289897220764,ROLLING_STABILITY,,,,,,,8.703782982491964
,2022-10-25,VALIDATION,rolling_stability,,,,,,,,,,,,0.0653704676922842,0.5189083227629159,0.13614733711444463,0.5189782871259678,-0.7103711133388411,ROLLING_STABILITY,,,,,,,8.249369638775605
,2022-10-26,VALIDATION,rolling_stability,,,,,,,,,,,,0.07508906152341226,0.603053521618725,0.09089186448885035,0.6074232001486896,-0.6684557925631691,ROLLING_STABILITY,,,,,,,2.0711866244000583
,2022-10-27,VALIDATION,rolling_stability,,,,,,,,,,,,0.08664938622833158,1.437192480400629,0.07203052810929482,0.6466047029024624,-0.7029680093942653,ROLLING_STABILITY,,,,,,,1.5868399429369864
,2022-10-28,VALIDATION,rolling_stability,,,,,,,,,,,,0.07623598378436588,1.966455977530882,0.07507275206203562,0.760896696939708,-0.7125722723091611,ROLLING_STABILITY,,,,,,,0.6522572751340375
,2022-10-31,VALIDATION,rolling_stability,,,,,,,,,,,,0.0687514451387798,0.05,0.26921804503951163,0.40315843115552824,-0.730379587947051,ROLLING_STABILITY,,,,,,,4.6330860063752715
,2022-11-01,VALIDATION,rolling_stability,,,,,,,,,,,,0.07073874752625652,0.06877389118496584,0.11599754235449973,0.38272861628058297,-0.7242314380359111,ROLLING_STABILITY,,,,,,,3.4836218045155825
,2022-11-02,VALIDATION,rolling_stability,,,,,,,,,,,,0.06433438276896868,0.05119968304266185,0.5,0.38238483236896703,-0.7406572689303114,ROLLING_STABILITY,,,,,,,8.712722756227363
,2022-11-03,VALIDATION,rolling_stability,,,,,,,,,,,,0.0816775383478059,0.27206533600030247,0.0025,0.3640895017807825,-0.7304985904911234,ROLLING_STABILITY,,,,,,,11.303729751321834
,2022-11-07,VALIDATION,rolling_stability,,,,,,,,,,,,0.06828244474311036,0.427145217195146,0.0860083620311499,0.41964721687783596,-0.7343789704978076,ROLLING_STABILITY,,,,,,,1.9823032970244798
,2022-11-08,VALIDATION,rolling_stability,,,,,,,,,,,,0.07918879022085948,1.2491027579503724,0.06640852927859456,0.5471348422452723,-0.7339653332989948,ROLLING_STABILITY,,,,,,,0.9005223437618467
,2022-11-09,VALIDATION,rolling_stability,,,,,,,,,,,,0.07926098295550948,0.8276642101896259,0.06653168429279852,0.4822551298041914,-0.7407409254882468,ROLLING_STABILITY,,,,,,,0.3678310159369067
,2022-11-10,VALIDATION,rolling_stability,,,,,,,,,,,,0.059279163746300045,2.566096239090104,0.07986330860176351,0.8505975189450719,-0.7255702195895561,ROLLING_STABILITY,,,,,,,1.6508728693062273
,2022-11-11,VALIDATION,rolling_stability,,,,,,,,,,,,0.048335065950554354,3.020168805033742,0.08576668337677797,1.0201531673488942,-0.7470507870217326,ROLLING_STABILITY,,,,,,,1.025664501254193
,2022-11-14,VALIDATION,rolling_stability,,,,,,,,,,,,0.03973672207112139,1.9248653401115403,0.10499770446494967,0.8657783653526772,-0.741483866358305,ROLLING_STABILITY,,,,,,,0.9156136836658536
,2022-11-15,VALIDATION,rolling_stability,,,,,,,,,,,,0.043400613973541564,2.2058402319745385,0.0979329155072363,0.9546668291672704,-0.7349931543967209,ROLLING_STABILITY,,,,,,,0.4818618820580095
,2022-11-16,VALIDATION,rolling_stability,,,,,,,,,,,,0.03835554311381993,1.1443571223392965,0.13082862294653838,0.7177107747733923,-0.7536897492473412,ROLLING_STABILITY,,,,,,,1.292307083636706
,2022-11-17,VALIDATION,rolling_stability,,,,,,,,,,,,0.035090222685770465,2.3321556726187347,0.10055188380835059,0.9337032618592294,-0.7467578010999892,ROLLING_STABILITY,,,,,,,1.071382131373059
,2022-11-18,VALIDATION,rolling_stability,,,,,,,,,,,,0.024320110726285333,0.23571082202083307,0.5,0.5542378320411471,-0.7841134736619693,ROLLING_STABILITY,,,,,,,9.266369146923163
,2022-11-21,VALIDATION,rolling_stability,,,,,,,,,,,,0.019829597999775392,0.2537787946551957,0.5,0.5733401536667646,-0.7788068292505972,ROLLING_STABILITY,,,,,,,0.29270068723211823
,2022-11-23,LOCKED_TEST,rolling_stability,,,,,,,,,,,,0.022386350910657146,6.227219119219903,0.07343473028844424,1.0885949461971616,-0.9145120984678221,ROLLING_STABILITY,,,,,,,11.498783460441642
,2022-12-12,LOCKED_TEST,rolling_stability,,,,,,,,,,,,0.07207629604894167,5.210460500548399,0.07031533045465951,1.6572073064575883,-0.6206251999864743,ROLLING_STABILITY,,,,,,,12.019220869337882
,2022-12-30,LOCKED_TEST,rolling_stability,,,,,,,,,,,,0.03814828411260124,0.8799882637886993,0.11817198577076402,0.5272836396097274,-0.7631842862882521,ROLLING_STABILITY,,,,,,,6.8065161224821775
,2022-11-25,LOCKED_TEST,rolling_stability,,,,,,,,,,,,0.02238430330109619,1.2993188655672683,0.15711089416787014,1.2416764790015404,-0.5361914500569381,ROLLING_STABILITY,,,,,,,9.23384322450792
,2022-11-28,LOCKED_TEST,rolling_stability,,,,,,,,,,,,0.034215874477113294,0.8108037540887834,0.16487388075311485,0.6618776277683587,-0.7765504944341638,ROLLING_STABILITY,,,,,,,9.58491123992414
,2022-11-29,LOCKED_TEST,rolling_stability,,,,,,,,,,,,0.0373064886017526,0.26356134611672627,0.34327647385658716,0.544494065440601,-0.7858731798126881,ROLLING_STABILITY,,,,,,,4.076029707712395
,2022-11-30,LOCKED_TEST,rolling_stability,,,,,,,,,,,,0.028906595078857678,2.725903284867053,0.0899630060586975,0.974611292251429,-0.7772629379199913,ROLLING_STABILITY,,,,,,,5.9627655624690306
,2022-12-01,LOCKED_TEST,rolling_stability,,,,,,,,,,,,0.025322691452375576,0.20562446263901563,0.5,0.5577562034468668,-0.7869212154990756,ROLLING_STABILITY,,,,,,,9.423067631770202
,2022-12-02,LOCKED_TEST,rolling_stability,,,,,,,,,,,,0.018855797776877698,0.23439620540820516,0.5,0.5809322140108734,-0.7872572651406048,ROLLING_STABILITY,,,,,,,0.242632936814527
,2022-12-05,LOCKED_TEST,rolling_stability,,,,,,,,,,,,0.024140628286272902,0.2189738899319133,0.5,0.5598024424234151,-0.795816632479443,ROLLING_STABILITY,,,,,,,0.45110416948581794
,2022-12-06,LOCKED_TEST,rolling_stability,,,,,,,,,,,,0.06184004081925545,1.4079220022850343,0.07438379662295058,0.6448198828102821,-0.7694457146470822,ROLLING_STABILITY,,,,,,,9.898886638932211
,2022-12-07,LOCKED_TEST,rolling_stability,,,,,,,,,,,,0.07835337318352788,1.9387646977573056,0.05842670864965762,0.7054042639166888,-0.7628977309135891,ROLLING_STABILITY,,,,,,,1.0416598008901612
,2022-12-08,LOCKED_TEST,rolling_stability,,,,,,,,,,,,0.07875494386570346,3.2125373555689416,0.06211551468381793,0.9498508772209635,-0.7675063167639676,ROLLING_STABILITY,,,,,,,0.8498653759929874
,2022-12-09,LOCKED_TEST,rolling_stability,,,,,,,,,,,,0.08042219158435003,3.2060684568785547,0.06328210943217683,0.9572143184044299,-0.7636803500185326,ROLLING_STABILITY,,,,,,,0.2546717095606319
,2022-12-13,LOCKED_TEST,rolling_stability,,,,,,,,,,,,0.05801929242239052,0.09458174047120732,0.22900866852782797,0.45025588792640264,-0.7714813682629755,ROLLING_STABILITY,,,,,,,4.366350586501336
,2022-12-14,LOCKED_TEST,rolling_stability,,,,,,,,,,,,0.03574428697307659,0.2337174194196302,0.3577415372522931,0.5388757655287133,-0.7805710709537715,ROLLING_STABILITY,,,,,,,3.104498617190188
,2022-12-15,LOCKED_TEST,rolling_stability,,,,,,,,,,,,0.040230654136357416,0.16410574787908203,0.5,0.5208910512785558,-0.7911562848239165,ROLLING_STABILITY,,,,,,,3.254840329951535
,2022-12-16,LOCKED_TEST,rolling_stability,,,,,,,,,,,,0.037827633796273304,0.1826079247883497,0.5,0.5147290470852078,-0.7959520315962675,ROLLING_STABILITY,,,,,,,0.15308641503860548
,2022-12-19,LOCKED_TEST,rolling_stability,,,,,,,,,,,,0.030042368137686043,0.22497148050015173,0.5,0.5280570807007198,-0.7936614293329822,ROLLING_STABILITY,,,,,,,0.3315075140181327
,2022-12-20,LOCKED_TEST,rolling_stability,,,,,,,,,,,,0.026994900220018964,0.18051527013468363,0.5,0.4599413877440755,-0.7930615040684317,ROLLING_STABILITY,,,,,,,0.19561914796316945
,2022-12-21,LOCKED_TEST,rolling_stability,,,,,,,,,,,,0.021570573980433057,0.18670009608540158,0.5,0.45046170829809606,-0.803685324582518,ROLLING_STABILITY,,,,,,,0.42138086977503136
,2022-12-22,LOCKED_TEST,rolling_stability,,,,,,,,,,,,0.028814670157853436,2.763966738654442,0.08884184125399515,0.9263661950363453,-0.7372477146936768,ROLLING_STABILITY,,,,,,,9.832551345575414
,2022-12-23,LOCKED_TEST,rolling_stability,,,,,,,,,,,,0.024634973125179274,1.1269924932162378,0.12716162677448797,0.5905574634397291,-0.7823150464926114,ROLLING_STABILITY,,,,,,,2.258245764797233
,2022-12-27,LOCKED_TEST,rolling_stability,,,,,,,,,,,,0.02304031796406982,0.1883349641856815,0.5,0.4433987617180887,-0.7957542911375026,ROLLING_STABILITY,,,,,,,8.471399313716578
,2022-12-28,LOCKED_TEST,rolling_stability,,,,,,,,,,,,0.02838976257262377,0.16744959813201452,0.5,0.41325629955430526,-0.7936218679296511,ROLLING_STABILITY,,,,,,,0.3725203491105516
