quote_date,split,portfolio_id,description,normalization,model_id,value,delta,gamma,vega,developer_model_id,challenger_model_id,valuation_materiality,delta_materiality,gamma_materiality,vega_materiality
2022-10-19,VALIDATION,P01,ATM straddle,unit legs,M10_HESTON,116.08737847622433,0.061026006531530286,0.005462220150430231,404.7694589934281,M10_HESTON,M10_HESTON,0.0,0.0,0.0,0.0
2022-10-19,VALIDATION,P01,ATM straddle,unit legs,M03_SSVI,105.9941461883061,0.14448365200679247,0.006116219197023081,407.9445757683743,M10_HESTON,M03_SSVI,10.093232287918227,0.08345764547526219,0.00065399904659285,3.1751167749462184
2022-10-19,VALIDATION,P01,ATM straddle,unit legs,M21_BATES_SENSITIVITY,117.4187062412741,0.06380079001202754,0.005439673872912259,403.3034681408253,M10_HESTON,M21_BATES_SENSITIVITY,1.331327765049764,0.002774783480497256,2.254627751797217e-05,1.465990852602772
2022-10-19,VALIDATION,P02,risk reversal,unit long call / short put,M10_HESTON,-0.34000690312046267,0.01083602602946071,-1.424244021568227e-05,-4.880829941453868,M10_HESTON,M10_HESTON,0.0,0.0,0.0,0.0
2022-10-19,VALIDATION,P02,risk reversal,unit long call / short put,M03_SSVI,-1.4520218826741442,0.014022600909175469,-0.00010880844356009742,-24.012152186593248,M10_HESTON,M03_SSVI,1.1120149795536816,0.0031865748797147587,9.456600334441515e-05,19.13132224513938
2022-10-19,VALIDATION,P02,risk reversal,unit long call / short put,M21_BATES_SENSITIVITY,-0.5830927205294589,0.01278882282490316,-1.2436420315460348e-05,-4.748222566112048,M10_HESTON,M21_BATES_SENSITIVITY,0.24308581740899626,0.0019527967954424495,1.8060199002219217e-06,0.13260737534182
2022-10-19,VALIDATION,P03,butterfly,1:-2:1 call weights,M10_HESTON,253.71365062321405,-0.06473667935447734,-0.005257770322773475,-389.2499190443921,M10_HESTON,M10_HESTON,0.0,0.0,0.0,0.0
2022-10-19,VALIDATION,P03,butterfly,1:-2:1 call weights,M03_SSVI,264.71592687884896,-0.15736642392627556,-0.005971727836642773,-381.71731714007274,M10_HESTON,M03_SSVI,11.00227625563491,0.09262974457179822,0.0007139575138692981,7.5326019043193355
2022-10-19,VALIDATION,P03,butterfly,1:-2:1 call weights,M21_BATES_SENSITIVITY,252.9486480398803,-0.06796059969390993,-0.0052299649497906785,-387.4435988878382,M10_HESTON,M21_BATES_SENSITIVITY,0.7650025833337395,0.0032239203394325844,2.7805372982796228e-05,1.806320156553852
2022-10-19,VALIDATION,P04,calendar spread,long back / short front,M10_HESTON,321.3597475256661,0.12162838566056722,-0.0023307211889005515,664.9952102976158,M10_HESTON,M10_HESTON,0.0,0.0,0.0,0.0
2022-10-19,VALIDATION,P04,calendar spread,long back / short front,M03_SSVI,317.50636592633896,0.08120070107124167,-0.00262703906907738,1169.9944060367898,M10_HESTON,M03_SSVI,3.853381599327122,0.04042768458932555,0.0002963178801768285,504.99919573917396
2022-10-19,VALIDATION,P04,calendar spread,long back / short front,M21_BATES_SENSITIVITY,331.8413921859699,0.1145527912926414,-0.0023303630213033564,636.7722439589215,M10_HESTON,M21_BATES_SENSITIVITY,10.4816446603038,0.007075594367925819,3.5816759719501864e-07,28.222966338694278
2022-10-19,VALIDATION,P05,skew portfolio,unit wing / short ATM legs,M10_HESTON,-115.50911697290582,-0.0647366793545082,-0.005257770322790127,-389.2499190444148,M10_HESTON,M10_HESTON,0.0,0.0,0.0,0.0
2022-10-19,VALIDATION,P05,skew portfolio,unit wing / short ATM legs,M03_SSVI,-104.50684071727089,-0.1573664239263313,-0.005971727836600101,-381.71731714003437,M10_HESTON,M03_SSVI,11.002276255634925,0.09262974457182309,0.000713957513809974,7.532601904380442
2022-10-19,VALIDATION,P05,skew portfolio,unit wing / short ATM legs,M21_BATES_SENSITIVITY,-116.27411955623933,-0.06796059969390987,-0.005229964949790679,-387.4435988878155,M10_HESTON,M21_BATES_SENSITIVITY,0.7650025833335121,0.0032239203394016647,2.780537299944784e-05,1.8063201565993268
2022-10-19,VALIDATION,P06,mixed standardized book,fixed pre-specified unit weights,M10_HESTON,-111.38435026075521,0.6832315264784933,0.0025653733856601368,-226.31477919342126,M10_HESTON,M10_HESTON,0.0,0.0,0.0,0.0
2022-10-19,VALIDATION,P06,mixed standardized book,fixed pre-specified unit weights,M03_SSVI,-111.17232767488562,0.7211716584550952,0.002928641031093209,-464.72505663114373,M10_HESTON,M03_SSVI,0.21202258586959033,0.037940131976601954,0.000363267645433072,238.41027743772247
2022-10-19,VALIDATION,P06,mixed standardized book,fixed pre-specified unit weights,M21_BATES_SENSITIVITY,-116.06962136604946,0.6861863794280737,0.0025590863569671034,-212.61013218381385,M10_HESTON,M21_BATES_SENSITIVITY,4.685271105294248,0.002954852949580422,6.287028693033412e-06,13.704647009607413
2022-11-04,VALIDATION,P01,ATM straddle,unit legs,M10_HESTON,105.75136851278899,0.08186385578879196,0.005979288487779436,407.99374492180505,M10_HESTON,M10_HESTON,0.0,0.0,0.0,0.0
2022-11-04,VALIDATION,P01,ATM straddle,unit legs,M03_SSVI,118.5650262838958,0.16359793311478432,0.005430976955234359,416.3122522531012,M10_HESTON,M03_SSVI,12.813657771106818,0.08173407732599236,0.0005483115325450767,8.318507331296132
2022-11-04,VALIDATION,P01,ATM straddle,unit legs,M21_BATES_SENSITIVITY,107.1693892701353,0.0850040391377685,0.0059509053077962636,406.3841596374459,M10_HESTON,M21_BATES_SENSITIVITY,1.4180207573463122,0.003140183348976533,2.8383179983172344e-05,1.6095852843591274
2022-11-04,VALIDATION,P02,risk reversal,unit long call / short put,M10_HESTON,-0.2795014711711823,0.005327003635663527,-5.13706204071367e-05,-6.032652377707404,M10_HESTON,M10_HESTON,0.0,0.0,0.0,0.0
2022-11-04,VALIDATION,P02,risk reversal,unit long call / short put,M03_SSVI,-2.5103338133964006,0.020729171624421044,-0.00012765743865762668,-33.578584533239834,M10_HESTON,M03_SSVI,2.2308323422252183,0.015402167988757516,7.628681825048997e-05,27.54593215553243
2022-11-04,VALIDATION,P02,risk reversal,unit long call / short put,M21_BATES_SENSITIVITY,-0.5284366956770512,0.00725433700299187,-5.0635524831462976e-05,-5.9855437878580275,M10_HESTON,M21_BATES_SENSITIVITY,0.2489352245058689,0.001927333367328343,7.350955756737238e-07,0.04710858984937616
2022-11-04,VALIDATION,P03,butterfly,1:-2:1 call weights,M10_HESTON,271.34292939651806,-0.08601353543741015,-0.005883650056853754,-399.99882010026323,M10_HESTON,M10_HESTON,0.0,0.0,0.0,0.0
2022-11-04,VALIDATION,P03,butterfly,1:-2:1 call weights,M03_SSVI,260.79977243039554,-0.18225430398228132,-0.005242739675841713,-378.97475947426244,M10_HESTON,M03_SSVI,10.543156966122524,0.09624076854487117,0.0006409103810120411,21.02406062600079
2022-11-04,VALIDATION,P03,butterfly,1:-2:1 call weights,M21_BATES_SENSITIVITY,270.49106521463324,-0.08968057743910925,-0.005850284250186567,-398.0938037581039,M10_HESTON,M21_BATES_SENSITIVITY,0.8518641818848209,0.0036670420016990946,3.336580666718752e-05,1.9050163421593425
2022-11-04,VALIDATION,P04,calendar spread,long back / short front,M10_HESTON,326.9541926323893,0.12294864468592337,-0.0025686536112607163,312.71503679545276,M10_HESTON,M10_HESTON,0.0,0.0,0.0,0.0
2022-11-04,VALIDATION,P04,calendar spread,long back / short front,M03_SSVI,314.5208953194094,0.08670758915810128,-0.002280734459288323,1172.2347704681397,M10_HESTON,M03_SSVI,12.433297312979903,0.036241055527822086,0.0002879191519723932,859.5197336726869
2022-11-04,VALIDATION,P04,calendar spread,long back / short front,M21_BATES_SENSITIVITY,337.7342791769104,0.11601033215463663,-0.002566693599428472,296.19905013064454,M10_HESTON,M21_BATES_SENSITIVITY,10.780086544521055,0.006938312531286739,1.960011832244455e-06,16.515986664808224
2022-11-04,VALIDATION,P05,skew portfolio,unit wing / short ATM legs,M10_HESTON,-105.44308716632119,-0.08601353543741021,-0.005883650056885741,-399.99882010026323,M10_HESTON,M10_HESTON,0.0,0.0,0.0,0.0
2022-11-04,VALIDATION,P05,skew portfolio,unit wing / short ATM legs,M03_SSVI,-115.9862441324437,-0.18225430398234727,-0.005242739675882695,-378.97475947426955,M10_HESTON,M03_SSVI,10.54315696612251,0.09624076854493706,0.0006409103810030457,21.024060625993684
2022-11-04,VALIDATION,P05,skew portfolio,unit wing / short ATM legs,M21_BATES_SENSITIVITY,-106.29495134820598,-0.08968057743913939,-0.005850284250234546,-398.09380375814936,M10_HESTON,M21_BATES_SENSITIVITY,0.8518641818847925,0.0036670420017291816,3.33658066511951e-05,1.9050163421138677
2022-11-04,VALIDATION,P06,mixed standardized book,fixed pre-specified unit weights,M10_HESTON,-100.41772652950546,0.6981288953092676,0.0028232103691753965,-49.58930882851527,M10_HESTON,M10_HESTON,0.0,0.0,0.0,0.0
2022-11-04,VALIDATION,P06,mixed standardized book,fixed pre-specified unit weights,M03_SSVI,-89.31958061572495,0.7252432510093503,0.0026014270275087365,-456.3855202401657,M10_HESTON,M03_SSVI,11.098145913780513,0.027114355700082693,0.00022178334166665994,406.79621141165046
2022-11-04,VALIDATION,P06,mixed standardized book,fixed pre-specified unit weights,M21_BATES_SENSITIVITY,-105.22691052518056,0.7011126567259733,0.0028152979618581895,-41.726225803648816,M10_HESTON,M21_BATES_SENSITIVITY,4.809183995675099,0.0029837614167057547,7.912407317206983e-06,7.863083024866455
2022-11-22,VALIDATION,P01,ATM straddle,unit legs,M10_HESTON,71.82478608259044,0.13966223358000418,0.007870940255646074,373.55354819928834,M10_HESTON,M10_HESTON,0.0,0.0,0.0,0.0
2022-11-22,VALIDATION,P01,ATM straddle,unit legs,M03_SSVI,58.491851586743906,0.212845687186426,0.010584399651173203,441.9207904172026,M10_HESTON,M03_SSVI,13.33293449584653,0.07318345360642181,0.00271345939552713,68.36724221791428
2022-11-22,VALIDATION,P01,ATM straddle,unit legs,M21_BATES_SENSITIVITY,73.0262475397476,0.17092663570446925,0.009615557715421781,413.50712695593757,M10_HESTON,M21_BATES_SENSITIVITY,1.2014614571571656,0.031264402124465074,0.0017446174597757075,39.95357875664922
2022-11-22,VALIDATION,P02,risk reversal,unit long call / short put,M10_HESTON,0.3187788894968641,-0.025390760425769907,-0.0009243435918154651,-38.46588664529791,M10_HESTON,M10_HESTON,0.0,0.0,0.0,0.0
2022-11-22,VALIDATION,P02,risk reversal,unit long call / short put,M03_SSVI,-0.07563477955903296,0.0010158344838478545,-1.3977942106028254e-05,-3.155641147912813,M10_HESTON,M03_SSVI,0.3944136690558971,0.02640659490961776,0.0009103656497094369,35.3102454973851
2022-11-22,VALIDATION,P02,risk reversal,unit long call / short put,M21_BATES_SENSITIVITY,0.016523399567550723,0.014305524126567474,-0.001186423911743363,1.0372281254265925,M10_HESTON,M21_BATES_SENSITIVITY,0.3022554899293134,0.03969628455233738,0.0002620803199278978,39.5031147707245
2022-11-22,VALIDATION,P03,butterfly,1:-2:1 call weights,M10_HESTON,328.02903628819814,-0.14978179369482875,-0.007330052229147581,-375.37970754030414,M10_HESTON,M10_HESTON,0.0,0.0,0.0,0.0
2022-11-22,VALIDATION,P03,butterfly,1:-2:1 call weights,M03_SSVI,341.60040806492526,-0.2138615216670569,-0.010570421708880852,-438.76514923017487,M10_HESTON,M03_SSVI,13.57137177672712,0.06407972797222816,0.0032403694797332704,63.38544168987073
2022-11-22,VALIDATION,P03,butterfly,1:-2:1 call weights,M21_BATES_SENSITIVITY,327.5315505560365,-0.16190945120569153,-0.00931440983272085,-397.92992947953934,M10_HESTON,M21_BATES_SENSITIVITY,0.4974857321616355,0.012127657510862783,0.0019843576035732686,22.5502219392352
2022-11-22,VALIDATION,P04,calendar spread,long back / short front,M10_HESTON,344.63244521787556,0.11188939825814559,-0.003550902388696542,19.92139817352836,M10_HESTON,M10_HESTON,0.0,0.0,0.0,0.0
2022-11-22,VALIDATION,P04,calendar spread,long back / short front,M03_SSVI,352.145676471936,0.07085568797802655,-0.004884441484482622,1198.516933296969,M10_HESTON,M03_SSVI,7.513231254060429,0.04103371028011904,0.0013335390957860804,1178.5955351234406
2022-11-22,VALIDATION,P04,calendar spread,long back / short front,M21_BATES_SENSITIVITY,355.8815474354901,0.0890570941182528,-0.004428939625420661,-7.332538490800289,M10_HESTON,M21_BATES_SENSITIVITY,11.249102217614563,0.02283230413989279,0.0008780372367241194,27.25393666432865
2022-11-22,VALIDATION,P05,skew portfolio,unit wing / short ATM legs,M10_HESTON,-71.98758858387525,-0.1497817936948288,-0.00733005222914758,-375.37970754030414,M10_HESTON,M10_HESTON,0.0,0.0,0.0,0.0
2022-11-22,VALIDATION,P05,skew portfolio,unit wing / short ATM legs,M03_SSVI,-58.416216807148864,-0.21386152166693462,-0.010570421708768254,-438.76514923017993,M10_HESTON,M03_SSVI,13.571371776726387,0.06407972797210582,0.003240369479620674,63.38544168987579
2022-11-22,VALIDATION,P05,skew portfolio,unit wing / short ATM legs,M21_BATES_SENSITIVITY,-72.48507431603693,-0.16190945120569153,-0.009314409832720848,-397.92992947953934,M10_HESTON,M21_BATES_SENSITIVITY,0.49748573216167813,0.012127657510862727,0.0019843576035732677,22.5502219392352
2022-11-22,VALIDATION,P06,mixed standardized book,fixed pre-specified unit weights,M10_HESTON,-109.867407209606,0.7359349830492703,0.004388512006449674,107.24059719874214,M10_HESTON,M10_HESTON,0.0,0.0,0.0,0.0
2022-11-22,VALIDATION,P06,mixed standardized book,fixed pre-specified unit weights,M03_SSVI,-116.68094325732805,0.7593815454767777,0.005098804111690509,-486.4115381783662,M10_HESTON,M03_SSVI,6.813536047722053,0.023446562427507422,0.0007102921052408347,593.6521353771084
2022-11-22,VALIDATION,P06,mixed standardized book,fixed pre-specified unit weights,M21_BATES_SENSITIVITY,-114.91468630729374,0.7327491508818224,0.005397517671735901,108.34193309054271,M10_HESTON,M21_BATES_SENSITIVITY,5.047279097687735,0.003185832167447944,0.0010090056652862275,1.1013358918005736
2022-11-23,LOCKED_TEST,P01,ATM straddle,unit legs,M10_HESTON,69.63293866862978,0.17224436190869402,0.006703374548003636,367.77645495112665,M10_HESTON,M10_HESTON,0.0,0.0,0.0,0.0
2022-11-23,LOCKED_TEST,P01,ATM straddle,unit legs,M03_SSVI,56.22799090000444,0.24251058864100694,0.010830553841876246,444.5263070046167,M10_HESTON,M03_SSVI,13.404947768625334,0.07026622673231292,0.004127179293872609,76.74985205349003
2022-11-23,LOCKED_TEST,P01,ATM straddle,unit legs,M21_BATES_SENSITIVITY,70.64529584470301,0.17172756569855263,0.008613423358121155,379.6291892258523,M10_HESTON,M21_BATES_SENSITIVITY,1.0123571760732375,0.0005167962101413903,0.0019100488101175183,11.852734274725663
2022-11-23,LOCKED_TEST,P02,risk reversal,unit long call / short put,M10_HESTON,0.7303341089368578,-0.004807400690716149,-0.0019490400482604976,-26.835433764900074,M10_HESTON,M10_HESTON,0.0,0.0,0.0,0.0
2022-11-23,LOCKED_TEST,P02,risk reversal,unit long call / short put,M03_SSVI,-0.09554059984725057,0.0011922791068526737,-1.5301606165004236e-05,-3.7735417576094203,M10_HESTON,M03_SSVI,0.8258747087841084,0.005999679797568823,0.0019337384420954934,23.061892007290652
2022-11-23,LOCKED_TEST,P02,risk reversal,unit long call / short put,M21_BATES_SENSITIVITY,-0.3585637861475326,0.027023809995270823,0.00013566188504037728,20.81287581256457,M10_HESTON,M21_BATES_SENSITIVITY,1.0888978950843904,0.031831210685986974,0.002084701933300875,47.648309577464644
2022-11-23,LOCKED_TEST,P03,butterfly,1:-2:1 call weights,M10_HESTON,332.8104904108559,-0.19010018834259343,-0.0066688546573619445,-379.90263312769486,M10_HESTON,M10_HESTON,0.0,0.0,0.0,0.0
2022-11-23,LOCKED_TEST,P03,butterfly,1:-2:1 call weights,M03_SSVI,346.2674654851191,-0.2437028677475857,-0.010815252235726788,-440.7527652434589,M10_HESTON,M03_SSVI,13.456975074263198,0.053602679404992276,0.0041463975783648434,60.85013211576404
2022-11-23,LOCKED_TEST,P03,butterfly,1:-2:1 call weights,M21_BATES_SENSITIVITY,332.1716359304645,-0.17314922662879087,-0.007843554373435785,-371.47372249048874,M10_HESTON,M21_BATES_SENSITIVITY,0.6388544803913874,0.01695096171380256,0.0011746997160738404,8.428910637206116
2022-11-23,LOCKED_TEST,P04,calendar spread,long back / short front,M10_HESTON,352.9445069535386,0.0859495701685341,-0.0029549561834756387,-34.36952915230904,M10_HESTON,M10_HESTON,0.0,0.0,0.0,0.0
2022-11-23,LOCKED_TEST,P04,calendar spread,long back / short front,M03_SSVI,356.78818563999084,0.05974804359650476,-0.005011358992726129,1206.2118829150677,M10_HESTON,M03_SSVI,3.843678686452222,0.026201526572029343,0.0020564028092504905,1240.5814120673767
2022-11-23,LOCKED_TEST,P04,calendar spread,long back / short front,M21_BATES_SENSITIVITY,364.31265454461027,0.0803808272534835,-0.003918552956365124,-45.43646505276229,M10_HESTON,M21_BATES_SENSITIVITY,11.368147591071647,0.005568742915050606,0.0009635967728894852,11.066935900453245
2022-11-23,LOCKED_TEST,P05,skew portfolio,unit wing / short ATM legs,M10_HESTON,-69.58942537441817,-0.19010018834259348,-0.0066688546573619445,-379.90263312769486,M10_HESTON,M10_HESTON,0.0,0.0,0.0,0.0
2022-11-23,LOCKED_TEST,P05,skew portfolio,unit wing / short ATM legs,M03_SSVI,-56.13245030015498,-0.24370286774764366,-0.010815252235690973,-440.75276524347606,M10_HESTON,M03_SSVI,13.456975074263191,0.053602679405050174,0.004146397578329028,60.85013211578121
2022-11-23,LOCKED_TEST,P05,skew portfolio,unit wing / short ATM legs,M21_BATES_SENSITIVITY,-70.22827985480953,-0.17314922662879081,-0.007843554373435783,-371.47372249048874,M10_HESTON,M21_BATES_SENSITIVITY,0.638854480391359,0.01695096171380267,0.0011746997160738386,8.428910637206116
2022-11-23,LOCKED_TEST,P06,mixed standardized book,fixed pre-specified unit weights,M10_HESTON,-112.5081135367144,0.7447104409164895,0.00437578674523876,124.3852521449277,M10_HESTON,M10_HESTON,0.0,0.0,0.0,0.0
2022-11-23,LOCKED_TEST,P06,mixed standardized book,fixed pre-specified unit weights,M03_SSVI,-117.25851471590205,0.7737109044279745,0.005224794161489955,-489.1442083877653,M10_HESTON,M03_SSVI,4.750401179187648,0.029000463511484997,0.0008490074162511947,613.529460532693
2022-11-23,LOCKED_TEST,P06,mixed standardized book,fixed pre-specified unit weights,M21_BATES_SENSITIVITY,-117.21184901684394,0.7295253773306953,0.004124077262655295,105.6369157919118,M10_HESTON,M21_BATES_SENSITIVITY,4.703735480129538,0.01518506358579419,0.00025170948258346464,18.7483363530159
2022-12-12,LOCKED_TEST,P01,ATM straddle,unit legs,M10_HESTON,114.97423907497205,0.13188649356102777,0.00552552267612183,429.1868379707921,M10_HESTON,M10_HESTON,0.0,0.0,0.0,0.0
2022-12-12,LOCKED_TEST,P01,ATM straddle,unit legs,M03_SSVI,134.88817382665934,0.21771611591098572,0.00472015927450967,440.4856427652021,M10_HESTON,M03_SSVI,19.913934751687293,0.08582962234995795,0.0008053634016121601,11.298804794409989
2022-12-12,LOCKED_TEST,P01,ATM straddle,unit legs,M21_BATES_SENSITIVITY,116.51090654310474,0.13503835888685112,0.005480977188299343,427.3763322422383,M10_HESTON,M21_BATES_SENSITIVITY,1.5366674681326913,0.0031518653258233442,4.454548782248727e-05,1.810505728553835
2022-12-12,LOCKED_TEST,P02,risk reversal,unit long call / short put,M10_HESTON,-0.929852373141919,0.010801621781109556,-7.74747156346603e-05,-13.35994130872411,M10_HESTON,M10_HESTON,0.0,0.0,0.0,0.0
2022-12-12,LOCKED_TEST,P02,risk reversal,unit long call / short put,M03_SSVI,-5.436273354738388,0.031124166715190464,-0.00014835269244598112,-54.11534688793127,M10_HESTON,M03_SSVI,4.506420981596468,0.020322544934080908,7.087797681132081e-05,40.75540557920716
2022-12-12,LOCKED_TEST,P02,risk reversal,unit long call / short put,M21_BATES_SENSITIVITY,-1.1832314177013785,0.013054980271948817,-8.974853518467997e-05,-13.202982785048079,M10_HESTON,M21_BATES_SENSITIVITY,0.2533790445594595,0.0022533584908392603,1.2273819550019668e-05,0.1569585236760318
2022-12-12,LOCKED_TEST,P03,butterfly,1:-2:1 call weights,M10_HESTON,284.684608933307,-0.14126544184011974,-0.0053837323707248905,-413.25586191346434,M10_HESTON,M10_HESTON,0.0,0.0,0.0,0.0
2022-12-12,LOCKED_TEST,P03,butterfly,1:-2:1 call weights,M03_SSVI,269.29971119081745,-0.24669973268920303,-0.004515232154101178,-382.10513455170457,M10_HESTON,M03_SSVI,15.384897742489557,0.10543429084908329,0.0008685002166237124,31.150727361759778
2022-12-12,LOCKED_TEST,P03,butterfly,1:-2:1 call weights,M21_BATES_SENSITIVITY,283.74806951245176,-0.14488502467126094,-0.005344728606711412,-411.38592772566585,M10_HESTON,M21_BATES_SENSITIVITY,0.9365394208552402,0.0036195828311411937,3.900376401347848e-05,1.869934187798492
2022-12-12,LOCKED_TEST,P04,calendar spread,long back / short front,M10_HESTON,295.5220830045473,0.09467967507237374,-0.002293144238887583,87.37467043920333,M10_HESTON,M10_HESTON,0.0,0.0,0.0,0.0
2022-12-12,LOCKED_TEST,P04,calendar spread,long back / short front,M03_SSVI,286.66342145822523,0.06124353538044125,-0.001920329398976333,1145.3021615997613,M10_HESTON,M03_SSVI,8.858661546322082,0.03343613969193249,0.0003728148399112499,1057.927491160558
2022-12-12,LOCKED_TEST,P04,calendar spread,long back / short front,M21_BATES_SENSITIVITY,307.26784194347147,0.08734023917137013,-0.002291179407661452,76.7544055435792,M10_HESTON,M21_BATES_SENSITIVITY,11.745758938924155,0.00733943590100361,1.9648312261310273e-06,10.620264895624132
2022-12-12,LOCKED_TEST,P05,skew portfolio,unit wing / short ATM legs,M10_HESTON,-113.98780365204688,-0.1412654418401197,-0.0053837323707248905,-413.25586191346434,M10_HESTON,M10_HESTON,0.0,0.0,0.0,0.0
2022-12-12,LOCKED_TEST,P05,skew portfolio,unit wing / short ATM legs,M03_SSVI,-129.37270139453614,-0.24669973268920653,-0.0045152321541386585,-382.10513455163635,M10_HESTON,M03_SSVI,15.384897742489258,0.10543429084908684,0.0008685002165862319,31.15072736182799
2022-12-12,LOCKED_TEST,P05,skew portfolio,unit wing / short ATM legs,M21_BATES_SENSITIVITY,-114.92434307290209,-0.14488502467126088,-0.005344728606711412,-411.38592772566585,M10_HESTON,M21_BATES_SENSITIVITY,0.9365394208552118,0.0036195828311411937,3.900376401347848e-05,1.869934187798492
2022-12-12,LOCKED_TEST,P06,mixed standardized book,fixed pre-specified unit weights,M10_HESTON,-83.68000366162897,0.7165515347051273,0.002594098273927668,73.9507095982149,M10_HESTON,M10_HESTON,0.0,0.0,0.0,0.0
2022-12-12,LOCKED_TEST,P06,mixed standardized book,fixed pre-specified unit weights,M03_SSVI,-70.88954646089884,0.7395748359923915,0.002258540840954977,-421.4100147769444,M10_HESTON,M03_SSVI,12.790457200730131,0.023023301287264153,0.0003355574329726909,495.3607243751593
2022-12-12,LOCKED_TEST,P06,mixed standardized book,fixed pre-specified unit weights,M21_BATES_SENSITIVITY,-88.93533835529851,0.7195424052421457,0.002588957908101617,78.71754509399659,M10_HESTON,M21_BATES_SENSITIVITY,5.255334693669539,0.0029908705370184085,5.140365826050708e-06,4.766835495781692
2022-12-30,LOCKED_TEST,P01,ATM straddle,unit legs,M10_HESTON,83.23549010536794,0.0871788931643317,0.007575584305627694,417.6428671551321,M10_HESTON,M10_HESTON,0.0,0.0,0.0,0.0
2022-12-30,LOCKED_TEST,P01,ATM straddle,unit legs,M03_SSVI,84.12777693889097,0.23557311853871887,0.007474031209746695,423.8728325426564,M10_HESTON,M03_SSVI,0.8922868335230305,0.14839422537438718,0.00010155309588099921,6.229965387524317
2022-12-30,LOCKED_TEST,P01,ATM straddle,unit legs,M21_BATES_SENSITIVITY,84.77431999941109,0.09159530625672702,0.007529969832613957,415.67298915808806,M10_HESTON,M21_BATES_SENSITIVITY,1.5388298940431469,0.0044164130923953215,4.561447301373693e-05,1.9698779970440228
2022-12-30,LOCKED_TEST,P02,risk reversal,unit long call / short put,M10_HESTON,-0.02765743274431619,0.0005797449571022853,-1.0864787593647934e-05,-1.0830053245975069,M10_HESTON,M10_HESTON,0.0,0.0,0.0,0.0
2022-12-30,LOCKED_TEST,P02,risk reversal,unit long call / short put,M03_SSVI,-1.0639614499366365,0.008840481285191767,-7.691323897075472e-05,-20.614769815857443,M10_HESTON,M03_SSVI,1.0363040171923203,0.008260736328089482,6.60484513771068e-05,19.531764491259935
2022-12-30,LOCKED_TEST,P02,risk reversal,unit long call / short put,M21_BATES_SENSITIVITY,-0.2781980484626261,0.002564196223475081,-1.4159209424384704e-05,-1.164686874287879,M10_HESTON,M21_BATES_SENSITIVITY,0.2505406157183099,0.0019844512663727953,3.2944218307367695e-06,0.08168154969037222
2022-12-30,LOCKED_TEST,P03,butterfly,1:-2:1 call weights,M10_HESTON,300.42840671742914,-0.08777275854150278,-0.0075605200932962625,-416.44805148815817,M10_HESTON,M10_HESTON,0.0,0.0,0.0,0.0
2022-12-30,LOCKED_TEST,P03,butterfly,1:-2:1 call weights,M03_SSVI,300.57386904910487,-0.24440679859019182,-0.007396821329694358,-403.2341284373111,M10_HESTON,M03_SSVI,0.14546233167573064,0.15663404004868903,0.00016369876360190425,13.213923050847086
2022-12-30,LOCKED_TEST,P03,butterfly,1:-2:1 call weights,M21_BATES_SENSITIVITY,299.44958108801234,-0.0928214621737909,-0.007510794630194604,-414.26673691343933,M10_HESTON,M21_BATES_SENSITIVITY,0.9788256294168036,0.005048703632288126,4.972546310165818e-05,2.18131457471884
2022-12-30,LOCKED_TEST,P04,calendar spread,long back / short front,M10_HESTON,379.715381395197,0.15782921949731588,-0.0034113710545668717,487.4800193688998,M10_HESTON,M10_HESTON,0.0,0.0,0.0,0.0
2022-12-30,LOCKED_TEST,P04,calendar spread,long back / short front,M03_SSVI,377.1308375255494,0.08286214460714658,-0.0033496258121980126,1253.3350510833316,M10_HESTON,M03_SSVI,2.584543869647632,0.0749670748901693,6.174524236885913e-05,765.8550317144318
2022-12-30,LOCKED_TEST,P04,calendar spread,long back / short front,M21_BATES_SENSITIVITY,391.375708150877,0.14788990544485103,-0.003395496660079146,463.5273547033421,M10_HESTON,M21_BATES_SENSITIVITY,11.66032675567999,0.009939314052464843,1.587439448772583e-05,23.952664665557677
2022-12-30,LOCKED_TEST,P05,skew portfolio,unit wing / short ATM legs,M10_HESTON,-83.20912377490373,-0.08777275854150272,-0.007560520093327109,-416.4480514881809,M10_HESTON,M10_HESTON,0.0,0.0,0.0,0.0
2022-12-30,LOCKED_TEST,P05,skew portfolio,unit wing / short ATM legs,M03_SSVI,-83.06366144322817,-0.24440679859008996,-0.007396821329701106,-403.2341284372962,M10_HESTON,M03_SSVI,0.1454623316755601,0.15663404004858722,0.00016369876362600302,13.213923050884716
2022-12-30,LOCKED_TEST,P05,skew portfolio,unit wing / short ATM legs,M21_BATES_SENSITIVITY,-84.18794940432076,-0.09282146217376132,-0.007510794630210027,-414.2667369134166,M10_HESTON,M21_BATES_SENSITIVITY,0.978825629417031,0.005048703632258594,4.972546311708247e-05,2.181314574764315
2022-12-30,LOCKED_TEST,P06,mixed standardized book,fixed pre-specified unit weights,M10_HESTON,-101.19952202984777,0.6891797849070722,0.0036082551224662506,-138.50306260943023,M10_HESTON,M10_HESTON,0.0,0.0,0.0,0.0
2022-12-30,LOCKED_TEST,P06,mixed standardized book,fixed pre-specified unit weights,M03_SSVI,-98.90676973024819,0.7575689416564005,0.0036010427178711085,-505.23524825794345,M10_HESTON,M03_SSVI,2.2927522995995844,0.06838915674932833,7.212404595142042e-06,366.7321856485132
2022-12-30,LOCKED_TEST,P06,mixed standardized book,fixed pre-specified unit weights,M21_BATES_SENSITIVITY,-106.41838951627483,0.6939342268474449,0.003591487194379938,-126.94171923512948,M10_HESTON,M21_BATES_SENSITIVITY,5.218867486427058,0.004754441940372667,1.676792808631266e-05,11.561343374300748
