parameter,parameter_2,correlation
v0,v0,1.0
kappa,v0,0.3783747759078991
theta,v0,-0.5758327630102041
sigma_v,v0,-0.11040314712468634
rho,v0,-0.22371891848358708
v0,kappa,0.3783747759078991
kappa,kappa,1.0
theta,kappa,-0.9628368385507028
sigma_v,kappa,0.521950367846439
rho,kappa,-0.22944920234137
v0,theta,-0.5758327630102041
kappa,theta,-0.9628368385507028
theta,theta,1.0
sigma_v,theta,-0.40176976219715804
rho,theta,0.31425395401563166
v0,sigma_v,-0.11040314712468634
kappa,sigma_v,0.521950367846439
theta,sigma_v,-0.40176976219715804
sigma_v,sigma_v,1.0
rho,sigma_v,0.5789677137929976
v0,rho,-0.22371891848358708
kappa,rho,-0.22944920234137
theta,rho,0.31425395401563166
sigma_v,rho,0.5789677137929976
rho,rho,1.0
