split,model_id,date_level_win_rate,dates,win_rate_ci_low,win_rate_ci_high
DEV,M00_BS_FLAT,0.0,76,0.0,0.0
DEV,M02_SVI,0.8157894736842105,76,0.7105263157894737,0.8947368421052632
DEV,M03_SSVI,0.0,76,0.0,0.0
DEV,M10_HESTON,0.18421052631578946,76,0.10526315789473684,0.27631578947368424
LOCKED_TEST,M00_BS_FLAT,0.0,25,0.0,0.0
LOCKED_TEST,M02_SVI,0.92,25,0.8,1.0
LOCKED_TEST,M03_SSVI,0.0,25,0.0,0.0
LOCKED_TEST,M10_HESTON,0.08,25,0.0,0.2
VALIDATION,M00_BS_FLAT,0.0,25,0.0,0.0
VALIDATION,M02_SVI,0.96,25,0.88,1.0
VALIDATION,M03_SSVI,0.0,25,0.0,0.0
VALIDATION,M10_HESTON,0.04,25,0.0,0.12
