split,model,opponent,win_rate,dates,win_rate_ci_low,win_rate_ci_high
DEV,M00_BS_FLAT,M02_SVI,0.0,76,0.0,0.0
DEV,M00_BS_FLAT,M03_SSVI,0.0,76,0.0,0.0
DEV,M00_BS_FLAT,M10_HESTON,0.0,76,0.0,0.0
DEV,M02_SVI,M00_BS_FLAT,1.0,76,1.0,1.0
DEV,M02_SVI,M03_SSVI,1.0,76,1.0,1.0
DEV,M02_SVI,M10_HESTON,0.8157894736842105,76,0.7233552631578948,0.8947368421052632
DEV,M03_SSVI,M00_BS_FLAT,1.0,76,1.0,1.0
DEV,M03_SSVI,M02_SVI,0.0,76,0.0,0.0
DEV,M03_SSVI,M10_HESTON,0.0,76,0.0,0.0
DEV,M10_HESTON,M00_BS_FLAT,1.0,76,1.0,1.0
DEV,M10_HESTON,M02_SVI,0.18421052631578946,76,0.1049342105263158,0.2894736842105263
DEV,M10_HESTON,M03_SSVI,1.0,76,1.0,1.0
VALIDATION,M00_BS_FLAT,M02_SVI,0.0,25,0.0,0.0
VALIDATION,M00_BS_FLAT,M03_SSVI,0.0,25,0.0,0.0
VALIDATION,M00_BS_FLAT,M10_HESTON,0.0,25,0.0,0.0
VALIDATION,M02_SVI,M00_BS_FLAT,1.0,25,1.0,1.0
VALIDATION,M02_SVI,M03_SSVI,1.0,25,1.0,1.0
VALIDATION,M02_SVI,M10_HESTON,0.96,25,0.88,1.0
VALIDATION,M03_SSVI,M00_BS_FLAT,1.0,25,1.0,1.0
VALIDATION,M03_SSVI,M02_SVI,0.0,25,0.0,0.0
VALIDATION,M03_SSVI,M10_HESTON,0.0,25,0.0,0.0
VALIDATION,M10_HESTON,M00_BS_FLAT,1.0,25,1.0,1.0
VALIDATION,M10_HESTON,M02_SVI,0.04,25,0.0,0.12
VALIDATION,M10_HESTON,M03_SSVI,1.0,25,1.0,1.0
LOCKED_TEST,M00_BS_FLAT,M02_SVI,0.0,25,0.0,0.0
LOCKED_TEST,M00_BS_FLAT,M03_SSVI,0.04,25,0.0,0.12
LOCKED_TEST,M00_BS_FLAT,M10_HESTON,0.0,25,0.0,0.0
LOCKED_TEST,M02_SVI,M00_BS_FLAT,1.0,25,1.0,1.0
LOCKED_TEST,M02_SVI,M03_SSVI,1.0,25,1.0,1.0
LOCKED_TEST,M02_SVI,M10_HESTON,0.92,25,0.8,1.0
LOCKED_TEST,M03_SSVI,M00_BS_FLAT,0.96,25,0.84,1.0
LOCKED_TEST,M03_SSVI,M02_SVI,0.0,25,0.0,0.0
LOCKED_TEST,M03_SSVI,M10_HESTON,0.0,25,0.0,0.0
LOCKED_TEST,M10_HESTON,M00_BS_FLAT,1.0,25,1.0,1.0
LOCKED_TEST,M10_HESTON,M02_SVI,0.08,25,0.0,0.2
LOCKED_TEST,M10_HESTON,M03_SSVI,1.0,25,1.0,1.0
