parameter,target,spearman_correlation,p_value_exploratory,dates
v0,VIXCLS,0.8688758170952203,1.1184199952333539e-39,126
v0,median_relative_spread,-0.21005474315710537,0.018237451329683897,126
v0,price_rmse,0.1689058867641545,0.05866758742991057,126
v0,challenger_disagreement,-0.3554465691788527,4.4207239508604334e-05,126
kappa,VIXCLS,0.3058934340639726,0.000495259096873649,126
kappa,median_relative_spread,-0.17936857892763408,0.044466042632127126,126
kappa,price_rmse,-0.04414548181477316,0.6235448303951433,126
kappa,challenger_disagreement,0.08041694788151482,0.3707162331673609,126
theta,VIXCLS,-0.44066790606197664,2.417853077462118e-07,126
theta,median_relative_spread,0.1597907298411507,0.07389336861819934,126
theta,price_rmse,-0.1110771570937874,0.21562430588469528,126
theta,challenger_disagreement,0.10638599799197598,0.23576192050117759,126
sigma_v,VIXCLS,0.20937034116652117,0.018627928029338266,126
sigma_v,median_relative_spread,-0.2182977127859018,0.014062721670152531,126
sigma_v,price_rmse,-0.18992725909261343,0.03316257375545961,126
sigma_v,challenger_disagreement,0.19571653543307088,0.028070177103986346,126
rho,VIXCLS,0.6552729542033494,8.449915794169453e-17,126
rho,median_relative_spread,-0.0622512185976753,0.48863835153884083,126
rho,price_rmse,0.11129508811398578,0.2147195108577828,126
rho,challenger_disagreement,-0.08507236595425573,0.34356935124052423,126
