date_1,date_2,relative_fit_gap,scaled_parameter_distance
2022-09-20,2022-12-20,0.026758635709122097,1.0214384932660867
2022-08-18,2022-11-03,0.03008224478544563,1.0142884863754333
2022-08-17,2022-11-03,0.03408323540641342,1.0134627488312202
2022-11-03,2022-12-02,0.006357242126043871,1.0122253708355897
2022-11-03,2022-12-05,0.048085439903301434,1.0103731438528256
2022-09-20,2022-12-05,0.020348565642593967,1.008216238797994
2022-11-03,2022-12-20,0.0418158347966442,1.0073117932204996
2022-08-31,2022-11-03,0.02105422088032679,1.0067256716503286
2022-11-03,2022-12-15,0.0035614408113477263,1.006019929644394
2022-08-18,2022-09-20,0.03853243311527701,0.9991649325093124
2022-09-27,2022-12-01,0.007349634243936323,0.9989719464919863
2022-08-26,2022-12-27,0.0017883998083340642,0.9658583782915809
2022-08-26,2022-12-16,0.01311424075226661,0.9542539431888105
2022-09-08,2022-12-27,0.028079184912959774,0.9469692952449827
2022-08-26,2022-11-21,0.032376487259237016,0.9457579304741122
2022-10-14,2022-12-21,0.028408327844017898,0.9395376798297793
2022-09-08,2022-12-16,0.03910672712911864,0.9372079110652507
2022-09-09,2022-11-02,0.03598308077496722,0.9310134761046638
2022-10-07,2022-12-15,0.024119993956936668,0.9261532607230751
2022-10-07,2022-11-18,0.02569639635062209,0.9241786261704789
2022-09-21,2022-12-27,0.035021490718557924,0.9239735609318539
2022-09-21,2022-12-21,0.03237152813536326,0.9239348569410069
2022-10-07,2022-12-02,0.03377734347963579,0.9229527655366457
2022-08-31,2022-10-07,0.0066819961806181445,0.9204785391240662
2022-07-26,2022-12-27,0.03272814843589259,0.9203185352712833
2022-09-09,2022-12-21,0.04821932878378704,0.9198373477957824
2022-07-26,2022-12-21,0.034665715942906364,0.9197854854038228
2022-12-07,2022-12-28,0.01499584470234041,0.9187162901362259
2022-08-17,2022-10-07,0.006671814854890143,0.915111566697476
2022-09-21,2022-12-16,0.023947064922034456,0.9148901658624058
2022-09-21,2022-11-21,0.004517015949711953,0.9129443506097455
2022-11-11,2022-12-20,0.03160162154157564,0.9107007300613406
2022-07-26,2022-12-16,0.021627403453303183,0.9095100033367097
2022-10-11,2022-12-21,0.011802282177868087,0.9061576540741351
2022-11-11,2022-12-15,0.01407140878065397,0.9044027473665488
2022-07-26,2022-11-21,0.0021511775429101467,0.9024384992839362
2022-08-31,2022-11-11,0.03137968318541146,0.9005315990636229
2022-11-11,2022-12-05,0.03793806044272673,0.9004423492657702
2022-11-11,2022-12-02,0.004217099377356622,0.8987295226365322
2022-10-11,2022-11-21,0.025237904063640185,0.8967487031013814
2022-10-11,2022-12-16,0.04426351832712863,0.8954676270287686
2022-08-17,2022-11-11,0.044271273758884004,0.894089927169809
2022-08-18,2022-11-11,0.01974295182756599,0.8940376378844271
2022-12-22,2022-12-28,0.03899993477395445,0.8920618624030604
2022-07-19,2022-12-01,0.0036815599470030203,0.8909929842878243
2022-10-13,2022-12-02,0.04922353227585035,0.8909644547438353
2022-10-13,2022-11-18,0.009867988814596744,0.8908185847131666
2022-10-13,2022-12-15,0.039720566675937555,0.8906034594044522
2022-09-22,2022-12-15,0.021503016609638836,0.8884252157824265
2022-11-30,2022-12-20,0.03866414504852682,0.8882266323423578
2022-09-14,2022-12-20,0.014232686646176038,0.8877646323253459
2022-08-31,2022-10-13,0.022561335500736617,0.8868619753040917
2022-09-22,2022-11-18,0.028302158558806516,0.8867459447164635
2022-09-22,2022-12-02,0.031186263850068972,0.886344996577125
2022-08-17,2022-10-13,0.009376904890426264,0.8860914248454522
2022-08-31,2022-09-22,0.004018256070603314,0.8852052891803014
2022-11-30,2022-12-15,0.006828212954973073,0.8834303309449554
2022-08-17,2022-09-22,0.00932845805674268,0.8824707791201101
2022-09-19,2022-12-15,0.035528227381145354,0.8821582132231108
2022-09-07,2022-11-18,0.04312267335893043,0.8820141227012441
2022-09-19,2022-11-18,0.014171867326513135,0.8812868156348437
2022-09-14,2022-12-15,0.031443185345389105,0.8812731870293009
2022-09-19,2022-12-02,0.0450726805467802,0.8812688843537444
2022-08-31,2022-11-30,0.02426364385162541,0.8800933414425387
2022-09-14,2022-12-05,0.020682774224556395,0.8797442717672718
2022-08-31,2022-09-19,0.018294083303899637,0.8795658819035563
2022-09-14,2022-12-02,0.021762506023091974,0.8789598508421433
2022-07-08,2022-12-01,0.01361564895682464,0.8789057106995168
2022-11-30,2022-12-05,0.04495437233916181,0.8784197702662002
2022-08-17,2022-09-19,0.005052092774456441,0.8782098176183806
2022-08-31,2022-09-14,0.04844649296212728,0.8779126878704625
2022-11-30,2022-12-02,0.0030889208502296365,0.8764997457955616
2022-08-18,2022-09-14,0.002161322996705066,0.8749830951042307
2022-10-03,2022-12-01,0.04590150990422234,0.8742811278736429
2022-08-17,2022-11-30,0.03724994342923858,0.8726628297999999
2022-08-18,2022-11-30,0.026891960540894405,0.8723938190124113
2022-12-06,2022-12-21,0.006151234794841105,0.8718372307371789
2022-09-06,2022-12-20,0.00027996092787410003,0.8717922248146114
2022-09-15,2022-12-20,0.049787594777386084,0.8695920825315687
2022-11-21,2022-12-06,0.030780424197654706,0.8679606870910286
2022-09-30,2022-12-01,0.032174970248430704,0.867464273865869
2022-12-06,2022-12-16,0.04969785837232252,0.8674027628112121
2022-09-06,2022-12-15,0.04496097737645692,0.8656510331306528
2022-09-15,2022-12-05,0.04352920059168566,0.8645666125973945
2022-09-06,2022-12-05,0.006821344191981729,0.8644310901099198
2022-09-06,2022-12-02,0.03541540774294448,0.8638224251827613
2022-07-12,2022-12-20,0.03810403025718537,0.8626710210665062
2022-10-10,2022-12-21,0.03461932569185841,0.8610191295764245
2022-08-18,2022-09-06,0.011820858727338212,0.8601759506109408
2022-09-13,2022-12-21,0.010576952461522795,0.8592797792596835
2022-10-10,2022-11-02,0.049563871680614824,0.8569716559225871
2022-11-17,2022-12-27,0.03113118057645198,0.8557606081573533
2022-07-12,2022-12-05,0.03176868448480854,0.853281000640774
2022-09-13,2022-11-21,0.04693065205117227,0.8497584753149775
2022-11-15,2022-12-01,0.04692710077578809,0.8495881020092503
2022-11-17,2022-12-16,0.04212409444583583,0.8492453803774092
2022-07-12,2022-08-18,0.049740576636202606,0.8472489366325043
2022-10-17,2022-12-27,0.04785814382470218,0.8403037273736909
2022-11-07,2022-12-01,0.02953284937181874,0.8392169414431168
2022-08-25,2022-12-28,0.01420401175422996,0.8290952086642296
2022-11-14,2022-12-01,0.015520557620663676,0.8230517052906718
2022-08-16,2022-12-01,0.008985215380467301,0.8219968773242042
2022-08-25,2022-12-19,0.04506504753352413,0.818850905490825
2022-07-14,2022-12-20,0.01701442656531341,0.817227519054761
2022-07-22,2022-12-01,0.01351998095494396,0.8158563355717925
2022-09-02,2022-12-20,0.002866782829388827,0.8133896686037043
2022-07-25,2022-12-01,0.03728767332806642,0.812092828064951
2022-09-02,2022-12-15,0.0479654739567632,0.8087197177823598
2022-07-14,2022-12-05,0.010540178109285536,0.808349594828929
2022-09-02,2022-12-05,0.0036870021136432203,0.8064499272371759
2022-09-02,2022-12-02,0.03844993412375271,0.80557526010954
2022-07-14,2022-08-18,0.02890610464172322,0.8028304656401918
2022-08-18,2022-09-02,0.014929612171284155,0.8026957506052584
2022-08-24,2022-12-01,0.0359715189958584,0.7985063449967499
2022-08-23,2022-12-01,0.00861948771522168,0.7974855725272798
2022-07-13,2022-12-28,0.02760395096496073,0.7912506024781167
2022-11-01,2022-11-21,0.046998056124714506,0.7831925574719129
2022-11-01,2022-12-21,0.010646927583484487,0.7797615248514728
2022-10-21,2022-12-19,0.02881053879554039,0.7794007302266915
2022-10-24,2022-12-30,0.02020978569889031,0.7766650447090727
2022-09-27,2022-12-14,0.008732601981113825,0.7758461167997517
2022-11-02,2022-12-23,0.04528926651525568,0.766386373504812
2022-09-28,2022-11-29,0.04036093375543371,0.7655437938268151
2022-12-21,2022-12-23,0.038941704263923994,0.757620503242735
2022-10-20,2022-12-21,0.04582791448694088,0.7474513141538444
2022-10-20,2022-11-02,0.03839916889789396,0.7438165580361523
2022-10-25,2022-12-19,0.019611242446335414,0.7365849520245024
2022-09-29,2022-11-29,0.011568748588499678,0.706808525794742
2022-07-18,2022-12-01,0.022287638833382407,0.6537971568293987
2022-07-19,2022-12-14,0.01964064331253381,0.6442856177971203
2022-08-19,2022-09-28,0.036076958237509595,0.640633799316208
2022-07-08,2022-12-14,0.0024355676721003567,0.6240457661973008
2022-08-12,2022-12-20,0.03494226872356968,0.6194311731161197
2022-08-12,2022-12-15,0.010658514957661703,0.6161386017864551
2022-10-03,2022-12-14,0.030369922187434003,0.6158672935905349
2022-08-12,2022-08-31,0.02802670374499085,0.6141557432704424
2022-08-12,2022-12-05,0.04125684905160677,0.6126970981229676
2022-08-12,2022-12-02,0.0007700938428348462,0.611579143044071
2022-08-12,2022-08-17,0.04096291989300154,0.6094958652725717
2022-08-12,2022-08-18,0.0231245074130059,0.6094637290758932
2022-09-30,2022-12-14,0.04767764460647131,0.5978291658837779
2022-11-15,2022-12-14,0.031412208457586605,0.5844364389734094
2022-10-14,2022-10-31,0.022653170044609577,0.5839744509105623
2022-09-30,2022-11-29,0.04049654178383818,0.5696709966287383
2022-09-23,2022-11-09,0.006363954140767774,0.5665363240136285
2022-09-27,2022-11-07,0.0223474607909768,0.5613939144339491
2022-08-16,2022-12-14,0.024859344502653757,0.5578254473991906
2022-08-18,2022-12-13,0.03369814932095979,0.5555043623046114
2022-08-17,2022-12-13,0.030468771864230675,0.554602919122779
2022-12-02,2022-12-13,0.010061594722499276,0.5531784785308272
2022-11-07,2022-12-14,0.013734799345840666,0.5530730422963869
2022-11-14,2022-12-14,0.03129000327274592,0.5524769728114465
2022-09-09,2022-10-31,0.002310017937953507,0.5508435857669473
2022-11-18,2022-12-13,0.04903758541262657,0.5507591025804982
2022-12-13,2022-12-20,0.04538799588988064,0.5484528761542818
2022-08-31,2022-12-13,0.017391002725198768,0.5475439167823319
2022-07-28,2022-11-07,0.04758066681733158,0.5468066453409522
2022-12-13,2022-12-15,0.00016720741829646745,0.5467726526159461
2022-07-22,2022-12-14,0.002532310631050938,0.5435062659573575
2022-07-25,2022-12-14,0.02161586260521587,0.5398609980906788
2022-08-23,2022-12-14,0.024499475083189903,0.5206049185884439
2022-10-07,2022-12-13,0.023956792292030016,0.5167345415821325
2022-07-18,2022-09-27,0.015048606341940326,0.5023241100698113
2022-10-04,2022-11-07,0.04884109556069366,0.495815552910472
2022-08-24,2022-11-29,0.03671781353646448,0.49366822870218147
2022-08-22,2022-09-29,0.026194441909098642,0.48828344192737677
2022-09-23,2022-10-27,0.0348223060880937,0.4747634282719443
2022-10-07,2022-11-03,0.0275955328374367,0.4737289316227762
2022-11-11,2022-12-13,0.01423626335501643,0.4732751065221223
2022-10-14,2022-11-01,0.01795253965012796,0.4706359526336679
2022-09-28,2022-11-16,0.003057656269546637,0.4649463578653344
2022-10-31,2022-11-02,0.03375102831785233,0.4640742802794177
2022-11-03,2022-12-13,0.0037280527303207127,0.4599235801783627
2022-10-26,2022-11-22,0.012562171600175628,0.45518000060956865
2022-08-15,2022-09-23,0.005319785686751017,0.4497643098530042
2022-07-15,2022-09-23,0.04923936734416989,0.44965819582146754
2022-09-13,2022-10-31,0.04026690791657728,0.44482328194168547
2022-11-30,2022-12-13,0.006994278645409761,0.4441717267173059
2022-11-16,2022-11-29,0.04329518016283829,0.44210182872664094
2022-08-12,2022-11-03,0.00712244029586004,0.4417742304392551
2022-09-01,2022-09-23,0.02484288752793512,0.4407905022066568
2022-07-26,2022-11-01,0.04494356015911708,0.4339053983247304
2022-09-22,2022-12-13,0.021339377293527674,0.42684352821994076
2022-08-11,2022-08-19,0.04850135402911468,0.4262678740638474
2022-10-13,2022-12-13,0.039559973978757955,0.42518738271485335
2022-11-03,2022-11-11,0.010547532381589047,0.42492523391721665
2022-10-10,2022-10-31,0.01636518519159077,0.4189891997989742
2022-09-09,2022-11-01,0.03797673676651267,0.41688600969844686
2022-08-30,2022-09-20,0.03731605742859928,0.41671637634795156
2022-09-14,2022-12-13,0.03160513522984095,0.4137928752391656
2022-11-03,2022-11-30,0.003278448142638427,0.40696851831063496
2022-07-19,2022-11-07,0.0331056823634536,0.4063366946012929
2022-08-29,2022-09-23,0.013994404828426442,0.40155220680182535
2022-08-12,2022-10-07,0.03452142559822965,0.4005381580023268
2022-09-19,2022-12-13,0.03536693357650528,0.3982013881843746
2022-08-23,2022-09-27,0.01590577187708102,0.39671697221796115
2022-08-24,2022-09-27,0.04305677573197635,0.3943858177273917
2022-10-06,2022-11-09,0.025169880749138774,0.3919082303409926
2022-09-06,2022-12-13,0.04512066698580219,0.38887212616736644
2022-09-29,2022-11-16,0.03209776251917633,0.3861421356405244
2022-10-14,2022-10-20,0.017928917200647217,0.38354357083943835
2022-09-26,2022-11-09,0.0010698078321717045,0.37997791879111753
2022-07-18,2022-12-14,0.006371645404105346,0.372033725170309
2022-10-14,2022-12-23,0.010841361367921475,0.3650938691061395
2022-07-15,2022-07-28,0.027140261868502172,0.3649672384334296
2022-09-21,2022-11-01,0.04267379840302381,0.3598795553480618
2022-07-08,2022-11-07,0.01613691498467151,0.3586852925979097
2022-07-25,2022-09-27,0.0301597018617199,0.3574103504577535
2022-09-22,2022-11-03,0.024987875700065908,0.3566420001501617
2022-07-22,2022-09-27,0.006216032274675001,0.3549185763870922
2022-08-12,2022-11-11,0.003449662098063355,0.3496526548186475
2022-09-02,2022-09-20,0.023960542551703334,0.34855151468833745
2022-10-13,2022-11-03,0.04314054504007574,0.34722423042478656
2022-09-27,2022-11-14,0.022756121442826183,0.3469283322643234
2022-09-14,2022-11-03,0.027981398629077562,0.3456606870342261
2022-09-23,2022-11-10,0.018427425560146937,0.3447443043899287
2022-07-21,2022-10-27,0.01975613139197762,0.3431207498163704
2022-09-15,2022-09-20,0.023662125258150455,0.3365085933932978
2022-08-16,2022-09-27,0.0162688115777542,0.3345974779218339
2022-07-18,2022-07-19,0.02588714550194318,0.33355809944536124
2022-08-24,2022-09-29,0.047861782971441384,0.3330251424987368
2022-09-09,2022-10-20,0.0025062714924848142,0.33270172403369513
2022-10-03,2022-11-07,0.0168667847456848,0.3326171502985323
2022-08-12,2022-10-13,0.04995571937955698,0.3296880680428268
2022-09-02,2022-11-03,0.04456274070884145,0.32812413302180493
2022-10-31,2022-12-23,0.011941268281317158,0.3280841168384096
2022-07-15,2022-10-04,0.025851076253482902,0.32718826659224653
2022-09-02,2022-12-13,0.04812466119199199,0.32687665006854083
2022-07-14,2022-09-20,0.009912870958788423,0.32647438546784224
2022-09-06,2022-11-03,0.04154750554697388,0.32639384879124866
2022-07-21,2022-08-30,0.025846372322074908,0.3263803592000328
2022-07-05,2022-09-23,0.043665894646769864,0.32353118409815784
2022-07-25,2022-07-28,0.039908754807135315,0.3210068807516202
2022-08-12,2022-09-22,0.03193234134313186,0.3205171019322259
2022-07-07,2022-09-23,0.006690116438568259,0.3161123631942492
2022-08-12,2022-11-30,0.0038566359341367165,0.31490555946950555
2022-09-27,2022-09-30,0.03928813022923153,0.30825438000277167
2022-07-21,2022-09-12,0.0029668755397262324,0.3082049022868763
2022-10-31,2022-11-01,0.04019902776131059,0.30814081263194854
2022-07-11,2022-08-19,0.04430231651031623,0.3080412877265161
2022-10-14,2022-12-06,0.03438481634416163,0.307217648418936
2022-09-19,2022-11-03,0.03896313651354302,0.3071611796970596
2022-09-23,2022-10-05,0.001187984624761184,0.3069688867721665
2022-08-15,2022-09-26,2.0075992457113114e-05,0.30539036689263366
2022-10-11,2022-11-01,0.022323551717684964,0.30495519085838535
2022-08-12,2022-09-14,0.021008590766653165,0.3039344470583406
2022-08-22,2022-09-30,0.026085653282199788,0.3033547498756541
2022-08-15,2022-10-06,0.02414547461694483,0.30214567690307786
2022-07-06,2022-09-23,0.005647386882442795,0.3011581749966891
2022-09-27,2022-11-15,0.03987050012489255,0.3006780855251048
2022-08-12,2022-09-19,0.04580806419584591,0.3006640956178998
2022-10-06,2022-10-27,0.016202589157627054,0.3000941077697388
2022-07-08,2022-07-18,0.008791694502641377,0.29872238878866186
2022-08-19,2022-11-16,0.03312057329655414,0.29633770159964434
2022-08-26,2022-10-17,0.046152282749992384,0.29532058517297266
2022-08-16,2022-11-07,0.03825270573988135,0.29529127671699285
2022-09-12,2022-10-06,0.03276896597319814,0.29315210522003554
2022-07-15,2022-09-26,0.044173663543760046,0.2924722786535072
2022-08-22,2022-11-29,0.014796874643242178,0.2920224987459494
2022-09-09,2022-12-23,0.009653550217531084,0.29140447850159057
2022-09-06,2022-09-20,0.027031105264514427,0.289794959066906
2022-10-20,2022-10-31,0.0048104998983333,0.2880960081867883
2022-11-07,2022-11-15,0.017923585968582345,0.287611016089775
2022-09-26,2022-10-27,0.039937570363241866,0.28739921789735257
2022-12-01,2022-12-14,0.016018054794491088,0.28684798672318157
2022-07-18,2022-10-03,0.024152165819672763,0.2861497982791391
2022-07-21,2022-09-01,0.02978760604437501,0.2844639106291417
2022-08-12,2022-09-06,0.034672014605075685,0.2818312104891409
2022-08-11,2022-11-08,0.0439331463864954,0.28111994473369906
2022-07-25,2022-10-04,0.04117933653466864,0.2797514095832284
2022-09-01,2022-10-06,0.006030652732734485,0.27677878232975006
2022-07-12,2022-09-20,0.011657328761740145,0.2765159215596531
2022-07-21,2022-09-15,0.03946975813964133,0.2764723634416433
2022-07-06,2022-11-09,0.011975401312075529,0.2759067009625669
2022-09-13,2022-11-01,7.07231574358192e-05,0.27559530451723524
2022-10-05,2022-11-09,0.00754437848585704,0.2750132707180525
2022-09-01,2022-09-26,0.03001104088617081,0.2739464981597888
2022-10-10,2022-10-14,0.006392600951445146,0.2673834713667504
2022-07-07,2022-11-09,0.013011494985124588,0.2670694126361644
2022-08-16,2022-08-22,0.04887525774955312,0.2668376834489091
2022-07-26,2022-12-06,0.028690966016523704,0.2666782908002648
2022-08-11,2022-11-28,0.0003412278552354894,0.2649450372913889
2022-07-28,2022-11-15,0.030198343453751324,0.26157539880374864
2022-09-14,2022-09-20,0.040610475078171025,0.2609869074927605
2022-07-05,2022-11-09,0.049751961036489996,0.2580416054314733
2022-08-22,2022-11-14,0.04256133646674574,0.2535030471970783
2022-07-27,2022-10-27,0.04589387378607037,0.25243235149120263
2022-09-08,2022-10-17,0.020350381023551904,0.25041991787067885
2022-08-15,2022-11-09,0.0010497529145461857,0.24774591926651435
2022-08-01,2022-08-08,0.032912500755635996,0.24622225671991443
2022-11-07,2022-11-14,0.04459504070210472,0.24612567680191916
2022-08-02,2022-11-08,0.0375977100532527,0.24610844122880632
2022-08-02,2022-11-28,0.006243842512704848,0.24438987606816162
2022-07-18,2022-11-15,0.025201135754288305,0.241777086401768
2022-08-29,2022-10-06,0.0326559146795563,0.24156091075534838
2022-08-29,2022-09-26,0.008740913971602012,0.24153088420039848
2022-09-27,2022-10-03,0.03883731572588757,0.23697198651652562
2022-07-25,2022-11-07,0.007990815506973111,0.23637732038441175
2022-10-28,2022-11-28,0.01300912830042707,0.23635688924524836
2022-11-09,2022-11-10,0.024674108409717524,0.23562290218585574
2022-07-22,2022-11-07,0.01623232919849278,0.2353420775667257
2022-07-08,2022-09-27,0.006312408607350619,0.2335541255176102
2022-11-08,2022-11-28,0.043606798385546694,0.22788662683220434
2022-07-18,2022-11-07,0.007410370192917745,0.2273681406795675
2022-09-09,2022-10-10,0.014087710116711555,0.22601143822768333
2022-09-16,2022-09-20,0.04218344046828818,0.225019602007198
2022-07-27,2022-09-20,0.03650685276118053,0.22472097650528813
2022-07-28,2022-10-03,0.03124081415935252,0.22251508306139223
2022-07-27,2022-08-30,0.0008398655140804859,0.222384141423019
2022-08-19,2022-11-28,0.0488260318713388,0.22111783409567976
2022-10-12,2022-12-22,0.018261121270857765,0.22108667782867286
2022-07-19,2022-08-23,0.0049561742207200315,0.22064112856333792
2022-10-04,2022-11-15,0.03148177590906101,0.21904380145387947
2022-07-18,2022-08-16,0.0310725949786097,0.21803771031275265
2022-08-29,2022-11-09,0.0076793215377571646,0.21775960621342283
2022-07-15,2022-11-09,0.04315001793873755,0.21736887154486922
2022-07-19,2022-08-24,0.03240927574033236,0.21593526407456232
2022-10-10,2022-11-01,0.02423037717952484,0.21402152090932855
2022-08-12,2022-09-02,0.03770887965696189,0.21140421286326339
2022-08-22,2022-08-24,0.0222501718975814,0.21104516225949577
2022-07-21,2022-11-10,0.036128818987952865,0.21071751660475968
2022-08-30,2022-09-16,0.005056055081471245,0.20978515005668485
2022-08-15,2022-10-27,0.03995684456933761,0.20821758438498952
2022-08-22,2022-08-23,0.049226134760983295,0.20798809104524105
2022-09-13,2022-10-14,0.01802199314727573,0.2061426991210864
2022-07-27,2022-09-12,0.029552295556202705,0.2044289034380999
2022-08-26,2022-11-17,0.029395351408943587,0.2026315664107924
2022-07-18,2022-11-14,0.03746227987130403,0.20128518129809658
2022-08-23,2022-11-07,0.037897779054684534,0.2009220354234341
2022-07-19,2022-09-27,0.011004136071881747,0.2001239350746936
